state_dim,lstm_hidden,mlp_hidden,num_layers,max_len,num_epochs,eagen_minus_time,eaforward_time,eye_time,bench_name,base_model_name,dataset_path,td,batch_size,lr,weight_decay,beta,alpha,dropout,gamma,timestamp,action_length_mean,action_length_std,action_length_25%,action_length_75%,eye_speed_mean,eye_speed_std,eye_speed_25%,eye_speed_75%,avg_acc_lens_mean,avg_acc_lens_std,avg_acc_lens_25%,avg_acc_lens_75%,eagle_speed_mean,eagle_speed_std,eagle_speed_25%,eagle_speed_75%,optimal_avg_acc_lens_diff_mean,optimal_avg_acc_lens_diff_std,optimal_avg_acc_lens_diff_25%,optimal_avg_acc_lens_diff_75%,ratio
10,128,128,1,7,100,0.07549,0.002477,0.0004,shareGPT,vicuna13,./data/scores_rb/shareGPT-vicuna-d7-topk10-t1,t1d7,64,0.0001,0.0001,0.02877,0.01,0.1,0.99,2025-07-27 00:34:43,6.9998364,0.0086768195,7.0,7.0,45.918533,25.930855,24.05128288269043,70.06243133544922,4.398387,2.4328582,2.39676833152771,6.626282691955566,47.381794,26.208176,25.819175720214844,71.38160705566406,-1.778143e-05,0.0018248823,0.0,2.384185791015625e-07,0.96911764
10,128,128,1,7,100,0.07549,0.002477,0.0004,shareGPT,vicuna13,./data/scores_rb/shareGPT-vicuna-d7-topk10-t1,t1d7,64,0.0001,0.0001,0.02877,0.01,0.1,0.98,2025-07-27 01:07:15,6.999795,0.009900274,7.0,7.0,45.9794,25.95288,24.05128288269043,70.06243133544922,4.3983636,2.4328554,2.39676833152771,6.626033306121826,47.381794,26.208176,25.819175720214844,71.38160705566406,-4.1374347e-05,0.0030158064,0.0,2.384185791015625e-07,0.9704023
10,128,128,1,7,100,0.07549,0.002477,0.0004,shareGPT,vicuna13,./data/scores_rb/shareGPT-vicuna-d7-topk10-t1,t1d7,64,0.0001,0.0001,0.002877,0.001,0.1,0.99,2025-07-27 01:37:25,6.9954405,0.047160253,7.0,7.0,46.013706,25.968325,24.05128288269043,70.06243133544922,4.39729,2.432472,2.39676833152771,6.625617980957031,47.381794,26.208176,25.819175720214844,71.38160705566406,-0.0011144698,0.016562024,0.0,2.384185791015625e-07,0.9711263
10,128,128,1,7,100,0.07549,0.002477,0.0004,shareGPT,vicuna13,./data/scores_rb/shareGPT-vicuna-d7-topk10-t1,t1d7,64,0.0001,0.0001,0.02877,0.01,0.2,0.99,2025-07-27 01:39:05,6.999654,0.013470482,7.0,7.0,45.987175,25.944487,24.05128288269043,70.06243133544922,4.3982944,2.4328535,2.3964109420776367,6.626282691955566,47.381794,26.208176,25.819175720214844,71.38160705566406,-0.00011028348,0.0049678134,0.0,2.384185791015625e-07,0.97056633
10,128,128,1,7,100,0.07549,0.002477,0.0004,shareGPT,vicuna13,./data/scores_rb/shareGPT-vicuna-d7-topk10-t1,t1d7,64,0.0001,0.0001,0.02877,0.01,0.2,0.98,2025-07-27 02:11:12,6.9998813,0.0073263235,7.0,7.0,45.989597,25.964706,24.05128288269043,70.06243133544922,4.398378,2.4328759,2.39676833152771,6.626282691955566,47.381794,26.208176,25.819175720214844,71.38160705566406,-2.7005724e-05,0.0022861576,0.0,2.384185791015625e-07,0.9706175
10,128,128,1,7,100,0.07549,0.002477,0.0004,shareGPT,vicuna13,./data/scores_rb/shareGPT-vicuna-d7-topk10-t1,t1d7,64,0.0001,0.0001,0.02877,0.02,0.1,0.99,2025-07-27 02:43:52,6.9996867,0.012208141,7.0,7.0,46.01328,25.946316,25.096988677978516,70.06243133544922,4.398334,2.432848,2.3968050479888916,6.626282691955566,47.381794,26.208176,25.819175720214844,71.38160705566406,-7.097065e-05,0.0038085228,0.0,2.384185791015625e-07,0.97111726
10,128,128,1,7,100,0.07549,0.002477,0.0004,shareGPT,vicuna13,./data/scores_rb/shareGPT-vicuna-d7-topk10-t1,t1d7,64,0.0001,0.0001,0.002877,0.001,0.1,0.98,2025-07-27 02:44:24,6.99453,0.05098032,7.0,7.0,45.955017,25.964886,24.05128288269043,70.06243133544922,4.3970246,2.4320972,2.3964109420776367,6.625087261199951,47.381794,26.208176,25.819175720214844,71.38160705566406,-0.0013802238,0.01957171,0.0,2.384185791015625e-07,0.9698877
10,128,128,1,7,100,0.07549,0.002477,0.0004,shareGPT,vicuna13,./data/scores_rb/shareGPT-vicuna-d7-topk10-t1,t1d7,64,0.0001,0.0001,0.02877,0.02,0.1,0.98,2025-07-27 03:16:22,6.475344,1.2040755,7.0,7.0,46.166286,25.744392,25.096988677978516,70.06243133544922,4.3919654,2.4299643,2.39148211479187,6.616130828857422,47.381794,26.208176,25.819175720214844,71.38160705566406,-0.006439635,0.114569835,0.0,4.76837158203125e-07,0.9743465
10,128,128,1,7,100,0.07549,0.002477,0.0004,shareGPT,vicuna13,./data/scores_rb/shareGPT-vicuna-d7-topk10-t1,t1d7,64,0.0001,0.0001,0.002877,0.001,0.2,0.99,2025-07-27 03:39:55,6.99431,0.053242687,7.0,7.0,45.984108,25.9616,24.05128288269043,70.06243133544922,4.3971596,2.4323077,2.39676833152771,6.624611854553223,47.381794,26.208176,25.819175720214844,71.38160705566406,-0.0012451186,0.018671207,0.0,2.384185791015625e-07,0.9705016
10,128,128,1,7,100,0.07549,0.002477,0.0004,shareGPT,vicuna13,./data/scores_rb/shareGPT-vicuna-d7-topk10-t1,t1d7,64,0.0001,0.0001,0.02877,0.02,0.2,0.99,2025-07-27 03:48:59,6.99981,0.009477277,7.0,7.0,46.009495,25.946959,24.05128288269043,70.06243133544922,4.398373,2.4328737,2.39676833152771,6.626282691955566,47.381794,26.208176,25.819175720214844,71.38160705566406,-3.16994e-05,0.002119576,0.0,2.384185791015625e-07,0.9710374
10,128,128,1,7,100,0.07549,0.002477,0.0004,shareGPT,vicuna13,./data/scores_rb/shareGPT-vicuna-d7-topk10-t1,t1d7,64,0.0001,0.0001,0.02877,0.02,0.2,0.98,2025-07-27 04:22:34,6.9998813,0.0070143347,7.0,7.0,46.004547,25.973936,24.05128288269043,70.06243133544922,4.3983774,2.4328754,2.3964109420776367,6.626282691955566,47.381794,26.208176,25.819175720214844,71.38160705566406,-2.7841012e-05,0.0020834806,0.0,2.384185791015625e-07,0.970933
10,128,128,1,7,100,0.07549,0.002477,0.0004,shareGPT,vicuna13,./data/scores_rb/shareGPT-vicuna-d7-topk10-t1,t1d7,64,0.0001,0.0001,0.002877,0.001,0.2,0.98,2025-07-27 04:35:06,6.992793,0.058074206,7.0,7.0,46.014797,25.962296,24.23040199279785,70.06243133544922,4.3966584,2.432038,2.39676833152771,6.623986721038818,47.381794,26.208176,25.819175720214844,71.38160705566406,-0.001745958,0.021328315,0.0,2.384185791015625e-07,0.9711493
10,128,128,1,7,100,0.07549,0.002477,0.0004,shareGPT,vicuna13,./data/scores_rb/shareGPT-vicuna-d7-topk10-t1,t1d7,64,0.0001,0.0001,0.02877,0.03,0.1,0.99,2025-07-27 04:55:36,5.7852063,1.5251545,5.0,7.0,46.51755,25.307903,26.142698287963867,69.0167236328125,4.36483,2.4091868,2.3999998569488525,6.531904697418213,47.381794,26.208176,25.819175720214844,71.38160705566406,-0.03357458,0.24390975,-0.001073598861694336,1.3469907571561635e-06,0.98176
10,128,128,1,7,100,0.07549,0.002477,0.0004,shareGPT,vicuna13,./data/scores_rb/shareGPT-vicuna-d7-topk10-t1,t1d7,64,0.0001,0.0001,0.02877,0.03,0.1,0.98,2025-07-27 05:28:52,4.911081,1.8933312,3.6000001430511475,7.0,46.178787,24.58533,26.900598526000977,66.92530822753906,4.251612,2.369505,2.3500454425811768,6.250413417816162,47.381794,26.208176,25.819175720214844,71.38160705566406,-0.14679295,0.5034031,-0.1534898281097412,0.0003877671842928976,0.9746104
10,128,128,1,7,100,0.07549,0.002477,0.0004,shareGPT,vicuna13,./data/scores_rb/shareGPT-vicuna-d7-topk10-t1,t1d7,64,0.0001,0.0001,0.002877,0.002,0.1,0.99,2025-07-27 05:30:19,6.9961405,0.042370476,7.0,7.0,45.950474,25.931114,25.096988677978516,70.06243133544922,4.3975754,2.4324749,2.3961238861083984,6.623427867889404,47.381794,26.208176,25.819175720214844,71.38160705566406,-0.0008294794,0.014366863,0.0,2.384185791015625e-07,0.96979177
10,128,128,1,7,100,0.07549,0.002477,0.0004,shareGPT,vicuna13,./data/scores_rb/shareGPT-vicuna-d7-topk10-t1,t1d7,64,0.0001,0.0001,0.02877,0.03,0.2,0.99,2025-07-27 06:01:35,6.9771075,0.11588431,7.0,7.0,45.99765,25.911955,24.05128288269043,70.06243133544922,4.393487,2.4317532,2.3933401107788086,6.613399028778076,47.381794,26.208176,25.819175720214844,71.38160705566406,-0.004917782,0.038799904,0.0,2.384185791015625e-07,0.9707874
10,128,128,1,7,100,0.07549,0.002477,0.0004,shareGPT,vicuna13,./data/scores_rb/shareGPT-vicuna-d7-topk10-t1,t1d7,64,0.0001,0.0001,0.002877,0.002,0.1,0.98,2025-07-27 06:25:58,6.818359,0.32263917,6.700000286102295,7.0,45.70001,25.762716,24.10689353942871,69.0167236328125,4.358118,2.415835,2.3778610229492188,6.53206729888916,47.381794,26.208176,25.819175720214844,71.38160705566406,-0.04028676,0.119058065,-0.0016050338745117188,1.1920928955078125e-07,0.9645057
10,128,128,1,7,100,0.07549,0.002477,0.0004,shareGPT,vicuna13,./data/scores_rb/shareGPT-vicuna-d7-topk10-t1,t1d7,64,0.0001,0.0001,0.02877,0.03,0.2,0.98,2025-07-27 06:34:35,4.5092463,1.8929127,3.0,6.099999904632568,45.63537,24.06652,26.946256637573242,64.8338851928711,4.1507816,2.3212614,2.3256750106811523,5.952682018280029,47.381794,26.208176,25.819175720214844,71.38160705566406,-0.24762307,0.6362101,-0.3697621822357178,0.0004416378797031939,0.96314144
10,128,128,1,7,100,0.07549,0.002477,0.0004,shareGPT,vicuna13,./data/scores_rb/shareGPT-vicuna-d7-topk10-t1,t1d7,64,0.0001,0.0001,0.02877,0.04,0.1,0.99,2025-07-27 07:06:54,5.53328,1.8388098,4.200000286102295,7.0,46.47035,25.192547,26.142698287963867,69.0167236328125,4.3443217,2.4130418,2.365023374557495,6.526534557342529,47.381794,26.208176,25.819175720214844,71.38160705566406,-0.05408341,0.34224212,-0.0029180049896240234,9.5367431640625e-07,0.9807638
10,128,128,1,7,100,0.07549,0.002477,0.0004,shareGPT,vicuna13,./data/scores_rb/shareGPT-vicuna-d7-topk10-t1,t1d7,64,0.0001,0.0001,0.002877,0.002,0.2,0.99,2025-07-27 07:21:38,6.992044,0.061723404,7.0,7.0,45.975677,25.971174,24.05128288269043,70.06243133544922,4.396594,2.4319365,2.395291328430176,6.621304988861084,47.381794,26.208176,25.819175720214844,71.38160705566406,-0.0018104858,0.021531267,0.0,2.384185791015625e-07,0.9703237
10,128,128,1,7,100,0.07549,0.002477,0.0004,shareGPT,vicuna13,./data/scores_rb/shareGPT-vicuna-d7-topk10-t1,t1d7,64,0.0001,0.0001,0.02877,0.04,0.1,0.98,2025-07-27 07:39:53,4.542944,1.9343164,3.0,6.599999904632568,45.716846,24.228281,26.946256637573242,65.36221313476562,4.16782,2.3356822,2.3217389583587646,5.997043609619141,47.381794,26.208176,25.819175720214844,71.38160705566406,-0.23058528,0.61707485,-0.33333826065063477,0.0002620220184326172,0.96486104
10,128,128,1,7,100,0.07549,0.002477,0.0004,shareGPT,vicuna13,./data/scores_rb/shareGPT-vicuna-d7-topk10-t1,t1d7,64,0.0001,0.0001,0.02877,0.04,0.2,0.99,2025-07-27 08:13:22,5.5822186,1.7227495,4.400000095367432,7.0,46.517803,25.177418,26.239578247070312,69.0167236328125,4.3505306,2.4066944,2.3923089504241943,6.508614540100098,47.381794,26.208176,25.819175720214844,71.38160705566406,-0.0478743,0.3056283,-0.004334211349487305,4.0531158447265625e-06,0.98176533
10,128,128,1,7,100,0.07549,0.002477,0.0004,shareGPT,vicuna13,./data/scores_rb/shareGPT-vicuna-d7-topk10-t1,t1d7,64,0.0001,0.0001,0.002877,0.002,0.2,0.98,2025-07-27 08:16:48,6.922248,0.19554666,7.0,7.0,45.846863,25.865927,24.05128288269043,70.06243133544922,4.38217,2.4246144,2.3923089504241943,6.576117038726807,47.381794,26.208176,25.819175720214844,71.38160705566406,-0.016234491,0.07000334,0.0,1.1920928955078125e-07,0.96760505
10,128,128,1,7,100,0.07549,0.002477,0.0004,shareGPT,vicuna13,./data/scores_rb/shareGPT-vicuna-d7-topk10-t1,t1d7,64,0.0001,0.0001,0.02877,0.04,0.2,0.98,2025-07-27 08:45:27,5.217594,1.8807708,4.0,7.0,46.385548,24.969477,26.404260635375977,68.11036682128906,4.3040776,2.3965776,2.3571317195892334,6.427734375,47.381794,26.208176,25.819175720214844,71.38160705566406,-0.09432717,0.42308453,-0.04911041259765625,8.559226989746094e-05,0.97897404
10,128,128,1,7,100,0.07549,0.002477,0.0004,shareGPT,vicuna13,./data/scores_rb/shareGPT-vicuna-d7-topk10-t1,t1d7,64,0.0001,0.0001,0.002877,0.003,0.1,0.99,2025-07-27 09:12:54,6.974453,0.113200694,7.0,7.0,46.00325,25.93957,24.05128288269043,70.06243133544922,4.392615,2.4302914,2.3939502239227295,6.608796119689941,47.381794,26.208176,25.819175720214844,71.38160705566406,-0.0057895314,0.040606227,0.0,1.1920928955078125e-07,0.9709056
10,128,128,1,7,100,0.07549,0.002477,0.0004,shareGPT,vicuna13,./data/scores_rb/shareGPT-vicuna-d7-topk10-t1,t1d7,64,0.0001,0.0001,0.02877,0.05,0.1,0.99,2025-07-27 09:18:58,4.5789757,1.9673005,3.0,6.800000190734863,45.699192,24.31611,26.585433959960938,65.48436737060547,4.17955,2.3469627,2.3058950901031494,6.058383464813232,47.381794,26.208176,25.819175720214844,71.38160705566406,-0.218855,0.6112852,-0.3061246871948242,0.00023603439331054688,0.96448845
10,128,128,1,7,100,0.07549,0.002477,0.0004,shareGPT,vicuna13,./data/scores_rb/shareGPT-vicuna-d7-topk10-t1,t1d7,64,0.0001,0.0001,0.02877,0.05,0.1,0.98,2025-07-27 09:51:57,4.49896,1.9744604,3.0,6.700000286102295,45.4311,24.19166,26.585433959960938,64.83389282226562,4.1450386,2.3379436,2.2914845943450928,5.9833455085754395,47.381794,26.208176,25.819175720214844,71.38160705566406,-0.25336647,0.65603775,-0.35283994674682617,2.6203691959381104e-05,0.9588303
10,128,128,1,7,100,0.07549,0.002477,0.0004,shareGPT,vicuna13,./data/scores_rb/shareGPT-vicuna-d7-topk10-t1,t1d7,64,0.0001,0.0001,0.002877,0.003,0.1,0.98,2025-07-27 10:08:48,6.672816,0.4571864,6.5,7.0,45.58109,25.620274,24.323270797729492,69.01671600341797,4.3309426,2.4037635,2.361436605453491,6.471942901611328,47.381794,26.208176,25.819175720214844,71.38160705566406,-0.067462176,0.16702905,-0.0645132064819336,2.384185791015625e-07,0.96199584
10,128,128,1,7,100,0.07549,0.002477,0.0004,shareGPT,vicuna13,./data/scores_rb/shareGPT-vicuna-d7-topk10-t1,t1d7,64,0.0001,0.0001,0.02877,0.05,0.2,0.99,2025-07-27 10:25:11,4.696946,2.0059562,3.0,7.0,45.9807,24.49508,26.585433959960938,66.46358489990234,4.2122383,2.3685975,2.3018620014190674,6.1950201988220215,47.381794,26.208176,25.819175720214844,71.38160705566406,-0.1861667,0.5747407,-0.22425508499145508,0.0001734485849738121,0.9704297
10,128,128,1,7,100,0.07549,0.002477,0.0004,shareGPT,vicuna13,./data/scores_rb/shareGPT-vicuna-d7-topk10-t1,t1d7,64,0.0001,0.0001,0.02877,0.05,0.2,0.98,2025-07-27 10:57:42,5.132743,1.9755806,3.9000000953674316,7.0,46.315117,24.940346,26.2091007232666,67.97101593017578,4.2924166,2.4011717,2.330613851547241,6.419854164123535,47.381794,26.208176,25.819175720214844,71.38160705566406,-0.105988406,0.4575653,-0.056432485580444336,1.9728329789359123e-05,0.9774876
10,128,128,1,7,100,0.07549,0.002477,0.0004,shareGPT,vicuna13,./data/scores_rb/shareGPT-vicuna-d7-topk10-t1,t1d7,64,0.0001,0.0001,0.02877,0.06,0.1,0.99,2025-07-27 11:30:05,5.5806346,1.812061,4.300000190734863,7.0,46.423946,25.207129,26.142698287963867,69.0167236328125,4.3456836,2.4131088,2.367466449737549,6.528763771057129,47.381794,26.208176,25.819175720214844,71.38160705566406,-0.052720986,0.3356564,-0.000453948974609375,9.5367431640625e-07,0.9797845
10,128,128,1,7,100,0.07549,0.002477,0.0004,shareGPT,vicuna13,./data/scores_rb/shareGPT-vicuna-d7-topk10-t1,t1d7,64,0.0001,0.0001,0.002877,0.003,0.2,0.99,2025-07-27 11:38:44,6.949684,0.15822522,7.0,7.0,45.91518,25.841875,24.05128288269043,70.0588607788086,4.387193,2.4271324,2.3939502239227295,6.592533111572266,47.381794,26.208176,25.819175720214844,71.38160705566406,-0.011211837,0.059413183,0.0,2.384185791015625e-07,0.9690469
10,128,128,1,7,100,0.07549,0.002477,0.0004,shareGPT,vicuna13,./data/scores_rb/shareGPT-vicuna-d7-topk10-t1,t1d7,64,0.0001,0.0001,0.02877,0.06,0.1,0.98,2025-07-27 12:03:00,4.773021,2.0362878,3.0,7.0,45.968723,24.667156,26.316394805908203,66.92530059814453,4.225098,2.381168,2.293217897415161,6.250911235809326,47.381794,26.208176,25.819175720214844,71.38160705566406,-0.17330664,0.56326073,-0.18121838569641113,3.6957771953893825e-05,0.97017694
10,128,128,1,7,100,0.07549,0.002477,0.0004,shareGPT,vicuna13,./data/scores_rb/shareGPT-vicuna-d7-topk10-t1,t1d7,64,0.0001,0.0001,0.002877,0.003,0.2,0.98,2025-07-27 12:22:31,5.483129,1.7512578,4.300000190734863,7.0,46.307747,25.073664,26.219411849975586,68.55934143066406,4.3244224,2.4024835,2.3690903186798096,6.477524757385254,47.381794,26.208176,25.819175720214844,71.38160705566406,-0.07398229,0.33366004,-0.045908451080322266,2.6928260922431946e-05,0.97733206
10,128,128,1,7,100,0.07549,0.002477,0.0004,shareGPT,vicuna13,./data/scores_rb/shareGPT-vicuna-d7-topk10-t1,t1d7,64,0.0001,0.0001,0.02877,0.06,0.2,0.99,2025-07-27 12:35:25,4.998635,2.1480606,3.299999952316284,7.0,46.029644,24.970074,25.721426010131836,67.97101593017578,4.2632794,2.416104,2.257993221282959,6.4278106689453125,47.381794,26.208176,25.819175720214844,71.38160705566406,-0.13512552,0.5370637,-0.07267498970031738,9.5367431640625e-07,0.97146267
10,128,128,1,7,100,0.07549,0.002477,0.0004,shareGPT,vicuna13,./data/scores_rb/shareGPT-vicuna-d7-topk10-t1,t1d7,64,0.0001,0.0001,0.002877,0.004,0.1,0.99,2025-07-27 13:03:55,5.1908994,1.8600255,3.799999952316284,7.0,46.139904,24.874062,26.404218673706055,67.97100830078125,4.283656,2.392879,2.3423073291778564,6.396225929260254,47.381794,26.208176,25.819175720214844,71.38160705566406,-0.11474859,0.4271714,-0.09523200988769531,6.67572021484375e-05,0.97378975
10,128,128,1,7,100,0.07549,0.002477,0.0004,shareGPT,vicuna13,./data/scores_rb/shareGPT-vicuna-d7-topk10-t1,t1d7,64,0.0001,0.0001,0.02877,0.06,0.2,0.98,2025-07-27 13:07:58,4.273357,2.040223,2.9000000953674316,6.099999904632568,45.132374,24.076805,26.15960121154785,64.3294906616211,4.091337,2.3304126,2.2398593425750732,5.900363445281982,47.381794,26.208176,25.819175720214844,71.38160705566406,-0.30706754,0.7196872,-0.474470853805542,9.5367431640625e-07,0.9525256
10,128,128,1,7,100,0.07549,0.002477,0.0004,shareGPT,vicuna13,./data/scores_rb/shareGPT-vicuna-d7-topk10-t1,t1d7,64,0.0001,0.0001,0.02877,0.07,0.1,0.99,2025-07-27 13:40:52,4.587446,2.0144613,3.0,7.0,45.749416,24.386854,26.345947265625,65.87960052490234,4.182441,2.3589242,2.2936651706695557,6.102639198303223,47.381794,26.208176,25.819175720214844,71.38160705566406,-0.21596362,0.6168791,-0.28368616104125977,7.152557373046875e-05,0.9655484
10,128,128,1,7,100,0.07549,0.002477,0.0004,shareGPT,vicuna13,./data/scores_rb/shareGPT-vicuna-d7-topk10-t1,t1d7,64,0.0001,0.0001,0.002877,0.004,0.1,0.98,2025-07-27 13:45:10,4.899687,1.9708163,3.4000000953674316,7.0,45.993084,24.691,26.374753952026367,67.09234619140625,4.2366323,2.3814812,2.3015618324279785,6.278259754180908,47.381794,26.208176,25.819175720214844,71.38160705566406,-0.16177265,0.5083618,-0.17767715454101562,3.898143768310547e-05,0.9706911
10,128,128,1,7,100,0.07549,0.002477,0.0004,shareGPT,vicuna13,./data/scores_rb/shareGPT-vicuna-d7-topk10-t1,t1d7,64,0.0001,0.0001,0.02877,0.07,0.1,0.98,2025-07-27 14:13:19,4.269919,2.0426576,3.0,6.0,45.13114,24.068396,26.029037475585938,64.24813079833984,4.0906525,2.3296494,2.2438154220581055,5.886233806610107,47.381794,26.208176,25.819175720214844,71.38160705566406,-0.30775243,0.72303385,-0.4797186851501465,9.5367431640625e-07,0.9524996
10,128,128,1,7,100,0.07549,0.002477,0.0004,shareGPT,vicuna13,./data/scores_rb/shareGPT-vicuna-d7-topk10-t1,t1d7,64,0.0001,0.0001,0.002877,0.004,0.2,0.99,2025-07-27 14:25:37,6.55467,0.5245051,6.300000190734863,7.0,45.26013,25.386532,24.248249053955078,67.97101593017578,4.2968416,2.385924,2.353337049484253,6.396927356719971,47.381794,26.208176,25.819175720214844,71.38160705566406,-0.10156332,0.21005154,-0.13033509254455566,0.0,0.955222
10,128,128,1,7,100,0.07549,0.002477,0.0004,shareGPT,vicuna13,./data/scores_rb/shareGPT-vicuna-d7-topk10-t1,t1d7,64,0.0001,0.0001,0.02877,0.07,0.2,0.99,2025-07-27 14:45:52,4.5272174,2.116002,3.0,7.0,45.53294,24.491714,26.029035568237305,65.87960052490234,4.16826,2.3752449,2.2391319274902344,6.137343883514404,47.381794,26.208176,25.819175720214844,71.38160705566406,-0.2301447,0.65158147,-0.29159820079803467,9.5367431640625e-07,0.96097964
10,128,128,1,7,100,0.07549,0.002477,0.0004,shareGPT,vicuna13,./data/scores_rb/shareGPT-vicuna-d7-topk10-t1,t1d7,64,0.0001,0.0001,0.002877,0.004,0.2,0.98,2025-07-27 15:06:40,4.9072404,1.9350072,3.4000000953674316,6.900000095367432,46.004433,24.645315,26.52353858947754,66.9253158569336,4.234994,2.376341,2.315830945968628,6.260680675506592,47.381794,26.208176,25.819175720214844,71.38160705566406,-0.16341084,0.5014703,-0.18665242195129395,4.9591064453125e-05,0.9709306
10,128,128,1,7,100,0.07549,0.002477,0.0004,shareGPT,vicuna13,./data/scores_rb/shareGPT-vicuna-d7-topk10-t1,t1d7,64,0.0001,0.0001,0.02877,0.07,0.2,0.98,2025-07-27 15:17:55,4.300623,2.0137093,3.0,6.0,45.19693,24.046623,26.51112937927246,64.41085052490234,4.0983076,2.3257306,2.251725196838379,5.894739151000977,47.381794,26.208176,25.819175720214844,71.38160705566406,-0.30009705,0.70918316,-0.46445608139038086,9.5367431640625e-07,0.9538881
10,128,128,1,7,100,0.07549,0.002477,0.0004,shareGPT,vicuna13,./data/scores_rb/shareGPT-vicuna-d7-topk10-t1,t1d7,64,0.0001,0.0001,0.002877,0.005,0.1,0.99,2025-07-27 15:47:44,4.9483385,2.013458,3.4000000953674316,7.0,45.984657,24.77292,26.204715728759766,67.55004119873047,4.2464323,2.3934033,2.2936229705810547,6.345119953155518,47.381794,26.208176,25.819175720214844,71.38160705566406,-0.15197285,0.5077092,-0.14551758766174316,5.237758159637451e-06,0.9705132
10,128,128,1,7,100,0.07549,0.002477,0.0004,shareGPT,vicuna13,./data/scores_rb/shareGPT-vicuna-d7-topk10-t1,t1d7,64,0.0001,0.0001,0.02877,0.08,0.1,0.99,2025-07-27 15:51:07,4.626889,2.0939827,3.0,7.0,45.691505,24.553566,26.17219352722168,65.99755096435547,4.1865106,2.3788865,2.254565954208374,6.186387538909912,47.381794,26.208176,25.819175720214844,71.38160705566406,-0.21189392,0.6278449,-0.2435457706451416,9.5367431640625e-07,0.9643262
10,128,128,1,7,100,0.07549,0.002477,0.0004,shareGPT,vicuna13,./data/scores_rb/shareGPT-vicuna-d7-topk10-t1,t1d7,64,0.0001,0.0001,0.02877,0.08,0.1,0.98,2025-07-27 16:24:07,4.0260954,2.0742362,2.4000000953674316,6.0,44.459663,23.834635,25.721426010131836,62.90092086791992,4.007448,2.3093345,2.181347608566284,5.738992691040039,47.381794,26.208176,25.819175720214844,71.38160705566406,-0.39095715,0.8063153,-0.6364293098449707,4.76837158203125e-07,0.93832797
10,128,128,1,7,100,0.07549,0.002477,0.0004,shareGPT,vicuna13,./data/scores_rb/shareGPT-vicuna-d7-topk10-t1,t1d7,64,0.0001,0.0001,0.002877,0.005,0.1,0.98,2025-07-27 16:28:37,4.6067038,1.9957625,3.0,6.800000190734863,45.591034,24.407282,26.41249656677246,65.87960052490234,4.169959,2.3582134,2.2698774337768555,6.111827373504639,47.381794,26.208176,25.819175720214844,71.38160705566406,-0.2284459,0.5983862,-0.3055269718170166,9.5367431640625e-07,0.9622057
10,128,128,1,7,100,0.07549,0.002477,0.0004,shareGPT,vicuna13,./data/scores_rb/shareGPT-vicuna-d7-topk10-t1,t1d7,64,0.0001,0.0001,0.02877,0.08,0.2,0.99,2025-07-27 16:57:33,4.8247194,2.0815501,3.1000001430511475,7.0,46.010967,24.76369,26.154111862182617,66.9253158569336,4.235634,2.392729,2.278615713119507,6.311670303344727,47.381794,26.208176,25.819175720214844,71.38160705566406,-0.16277125,0.55443424,-0.15024566650390625,3.4570693969726562e-06,0.9710685
10,128,128,1,7,100,0.07549,0.002477,0.0004,shareGPT,vicuna13,./data/scores_rb/shareGPT-vicuna-d7-topk10-t1,t1d7,64,0.0001,0.0001,0.002877,0.005,0.2,0.99,2025-07-27 17:09:35,4.937623,2.0071654,3.4000000953674316,7.0,45.993385,24.783018,26.15960121154785,67.34239959716797,4.244189,2.391366,2.2936439514160156,6.3280158042907715,47.381794,26.208176,25.819175720214844,71.38160705566406,-0.15421584,0.5062836,-0.15399694442749023,2.395841875113547e-06,0.9706974
10,128,128,1,7,100,0.07549,0.002477,0.0004,shareGPT,vicuna13,./data/scores_rb/shareGPT-vicuna-d7-topk10-t1,t1d7,64,0.0001,0.0001,0.02877,0.08,0.2,0.98,2025-07-27 17:30:24,4.731956,1.9795425,3.1000001430511475,7.0,45.971333,24.564926,26.34775161743164,66.46358489990234,4.214743,2.3674614,2.303399085998535,6.18677282333374,47.381794,26.208176,25.819175720214844,71.38160705566406,-0.18366162,0.5685892,-0.2166283130645752,0.00020728632807731628,0.970232
10,128,128,1,7,100,0.07549,0.002477,0.0004,shareGPT,vicuna13,./data/scores_rb/shareGPT-vicuna-d7-topk10-t1,t1d7,64,0.0001,0.0001,0.002877,0.005,0.2,0.98,2025-07-27 17:51:02,4.6051674,2.0371132,3.0,6.800000190734863,45.58487,24.436008,26.342004776000977,65.87960052490234,4.171732,2.3669102,2.255192279815674,6.139357089996338,47.381794,26.208176,25.819175720214844,71.38160705566406,-0.22667277,0.60625607,-0.2961294651031494,9.5367431640625e-07,0.96207565
10,128,128,1,7,100,0.07549,0.002477,0.0004,shareGPT,vicuna13,./data/scores_rb/shareGPT-vicuna-d7-topk10-t1,t1d7,64,0.0001,0.0001,0.02877,0.09,0.1,0.99,2025-07-27 18:03:05,4.4450727,2.0480626,3.0,6.800000190734863,45.484882,24.289759,26.316394805908203,65.3558578491211,4.141963,2.3492177,2.269145965576172,5.998392105102539,47.381794,26.208176,25.819175720214844,71.38160705566406,-0.25644162,0.66582674,-0.36733174324035645,3.814697265625e-06,0.9599654
10,128,128,1,7,100,0.07549,0.002477,0.0004,shareGPT,vicuna13,./data/scores_rb/shareGPT-vicuna-d7-topk10-t1,t1d7,64,0.0001,0.0001,0.002877,0.006,0.1,0.99,2025-07-27 18:31:48,4.899605,1.9946499,3.299999952316284,7.0,45.90775,24.711609,26.352445602416992,67.13932800292969,4.2335534,2.3860042,2.2858989238739014,6.291548252105713,47.381794,26.208176,25.819175720214844,71.38160705566406,-0.16485153,0.5169021,-0.1752176284790039,5.543189217860345e-06,0.9688901
10,128,128,1,7,100,0.07549,0.002477,0.0004,shareGPT,vicuna13,./data/scores_rb/shareGPT-vicuna-d7-topk10-t1,t1d7,64,0.0001,0.0001,0.02877,0.09,0.1,0.98,2025-07-27 18:35:23,2.8135717,1.7077693,1.899999976158142,4.0,38.823757,20.105759,24.49659538269043,51.48859786987305,3.3501222,1.9052701,1.9611444473266602,4.490215301513672,47.381794,26.208176,25.819175720214844,71.38160705566406,-1.0482824,1.2155873,-1.8459923267364502,-0.04753828048706055,0.8193813
10,128,128,1,7,100,0.07549,0.002477,0.0004,shareGPT,vicuna13,./data/scores_rb/shareGPT-vicuna-d7-topk10-t1,t1d7,64,0.0001,0.0001,0.02877,0.09,0.2,0.99,2025-07-27 19:06:50,4.6013684,2.1105838,3.0,7.0,45.607464,24.51865,26.029037475585938,65.8949203491211,4.1791315,2.3794575,2.252249240875244,6.169178009033203,47.381794,26.208176,25.819175720214844,71.38160705566406,-0.2192732,0.6371776,-0.2575559616088867,9.5367431640625e-07,0.9625525
10,128,128,1,7,100,0.07549,0.002477,0.0004,shareGPT,vicuna13,./data/scores_rb/shareGPT-vicuna-d7-topk10-t1,t1d7,64,0.0001,0.0001,0.002877,0.006,0.1,0.98,2025-07-27 19:12:24,4.597845,1.9945457,3.0,6.700000286102295,45.51768,24.364271,26.39925193786621,65.74513244628906,4.1630473,2.3562217,2.274512529373169,6.092155456542969,47.381794,26.208176,25.819175720214844,71.38160705566406,-0.2353573,0.6005257,-0.31571292877197266,9.5367431640625e-07,0.9606576
10,128,128,1,7,100,0.07549,0.002477,0.0004,shareGPT,vicuna13,./data/scores_rb/shareGPT-vicuna-d7-topk10-t1,t1d7,64,0.0001,0.0001,0.02877,0.09,0.2,0.98,2025-07-27 19:39:32,4.375982,2.1079068,3.0,6.800000190734863,45.30625,24.28679,26.029035568237305,64.8338851928711,4.123837,2.3567843,2.225182294845581,5.9963297843933105,47.381794,26.208176,25.819175720214844,71.38160705566406,-0.27456805,0.69529307,-0.39138174057006836,9.5367431640625e-07,0.95619535
10,128,128,1,7,100,0.07549,0.002477,0.0004,shareGPT,vicuna13,./data/scores_rb/shareGPT-vicuna-d7-topk10-t1,t1d7,64,0.0001,0.0001,0.002877,0.006,0.2,0.99,2025-07-27 19:53:32,5.3263454,1.8622257,4.0,7.0,46.269627,25.043692,26.30270767211914,68.36030578613281,4.3049555,2.4033332,2.345374345779419,6.461940765380859,47.381794,26.208176,25.819175720214844,71.38160705566406,-0.09344921,0.398151,-0.05337485671043396,1.7925282008945942e-05,0.9765275
10,128,128,1,7,100,0.07549,0.002477,0.0004,shareGPT,vicuna13,./data/scores_rb/shareGPT-vicuna-d7-topk10-t1,t1d7,64,5e-05,0.0001,0.02877,0.01,0.1,0.99,2025-07-27 20:11:38,6.999605,0.014236216,7.0,7.0,45.98573,25.992369,24.05128288269043,70.06243133544922,4.398271,2.4327774,2.3964109420776367,6.625087261199951,47.381794,26.208176,25.819175720214844,71.38160705566406,-0.00013352474,0.0073397593,0.0,2.384185791015625e-07,0.9705358
10,128,128,1,7,100,0.07549,0.002477,0.0004,shareGPT,vicuna13,./data/scores_rb/shareGPT-vicuna-d7-topk10-t1,t1d7,64,0.0001,0.0001,0.002877,0.006,0.2,0.98,2025-07-27 20:35:00,4.5462775,2.0693958,2.9000000953674316,6.900000095367432,45.45279,24.437263,26.134069442749023,65.66808319091797,4.1574116,2.368003,2.234657049179077,6.11912727355957,47.381794,26.208176,25.819175720214844,71.38160705566406,-0.24099335,0.6314054,-0.3156512975692749,9.5367431640625e-07,0.95928806
10,128,128,1,7,100,0.07549,0.002477,0.0004,shareGPT,vicuna13,./data/scores_rb/shareGPT-vicuna-d7-topk10-t1,t1d7,64,5e-05,0.0001,0.02877,0.01,0.1,0.98,2025-07-27 20:44:18,6.9997873,0.009786484,7.0,7.0,46.01913,25.99308,24.05128288269043,70.06243133544922,4.398354,2.4328737,2.39676833152771,6.626033306121826,47.381794,26.208176,25.819175720214844,71.38160705566406,-5.032336e-05,0.0028787588,0.0,2.384185791015625e-07,0.97124076
10,128,128,1,7,100,0.07549,0.002477,0.0004,shareGPT,vicuna13,./data/scores_rb/shareGPT-vicuna-d7-topk10-t1,t1d7,64,0.0001,0.0001,0.002877,0.007,0.1,0.99,2025-07-27 21:16:12,4.493576,2.0933022,2.9000000953674316,6.800000190734863,45.389957,24.426785,25.990087509155273,65.48436737060547,4.142449,2.3676982,2.218698740005493,6.095258712768555,47.381794,26.208176,25.819175720214844,71.38160705566406,-0.25595617,0.6477948,-0.34787559509277344,4.76837158203125e-07,0.957962
10,128,128,1,7,100,0.07549,0.002477,0.0004,shareGPT,vicuna13,./data/scores_rb/shareGPT-vicuna-d7-topk10-t1,t1d7,64,5e-05,0.0001,0.02877,0.01,0.2,0.99,2025-07-27 21:17:42,6.9990273,0.020961383,7.0,7.0,46.004044,25.96173,24.05128288269043,70.06243133544922,4.3981967,2.4327695,2.39676833152771,6.626282691955566,47.381794,26.208176,25.819175720214844,71.38160705566406,-0.00020767031,0.0064015314,0.0,2.384185791015625e-07,0.97092235
10,128,128,1,7,100,0.07549,0.002477,0.0004,shareGPT,vicuna13,./data/scores_rb/shareGPT-vicuna-d7-topk10-t1,t1d7,64,5e-05,0.0001,0.02877,0.01,0.2,0.98,2025-07-27 21:49:57,6.9994526,0.016522495,7.0,7.0,46.011154,25.967001,24.05128288269043,70.06243133544922,4.398282,2.4328287,2.39676833152771,6.626282691955566,47.381794,26.208176,25.819175720214844,71.38160705566406,-0.00012334253,0.0059949565,0.0,2.384185791015625e-07,0.97107244
10,128,128,1,7,100,0.07549,0.002477,0.0004,shareGPT,vicuna13,./data/scores_rb/shareGPT-vicuna-d7-topk10-t1,t1d7,64,0.0001,0.0001,0.002877,0.007,0.1,0.98,2025-07-27 21:57:58,4.684885,2.0929198,3.0,7.0,45.634434,24.650768,25.951141357421875,66.92530059814453,4.184443,2.385112,2.233804941177368,6.2150654792785645,47.381794,26.208176,25.819175720214844,71.38160705566406,-0.21396215,0.59948915,-0.25214672088623047,9.5367431640625e-07,0.9631217
10,128,128,1,7,100,0.07549,0.002477,0.0004,shareGPT,vicuna13,./data/scores_rb/shareGPT-vicuna-d7-topk10-t1,t1d7,64,5e-05,0.0001,0.02877,0.02,0.1,0.99,2025-07-27 22:22:13,6.999291,0.018385833,7.0,7.0,46.015743,25.997599,24.05128288269043,70.06243133544922,4.398261,2.432785,2.3964109420776367,6.626282691955566,47.381794,26.208176,25.819175720214844,71.38160705566406,-0.00014392004,0.0066330456,0.0,2.384185791015625e-07,0.9711693
10,128,128,1,7,100,0.07549,0.002477,0.0004,shareGPT,vicuna13,./data/scores_rb/shareGPT-vicuna-d7-topk10-t1,t1d7,64,0.0001,0.0001,0.002877,0.007,0.2,0.99,2025-07-27 22:39:29,4.6232843,2.0604792,3.0,6.900000095367432,45.563522,24.505085,26.142698287963867,66.0742416381836,4.175069,2.3724334,2.244966983795166,6.16582727432251,47.381794,26.208176,25.819175720214844,71.38160705566406,-0.22333616,0.6007747,-0.28283166885375977,9.5367431640625e-07,0.9616251
10,128,128,1,7,100,0.07549,0.002477,0.0004,shareGPT,vicuna13,./data/scores_rb/shareGPT-vicuna-d7-topk10-t1,t1d7,64,5e-05,0.0001,0.02877,0.02,0.1,0.98,2025-07-27 22:55:04,6.99292,0.061778758,7.0,7.0,45.944145,25.972448,24.05128288269043,70.06243133544922,4.3968105,2.4323459,2.3964109420776367,6.6229400634765625,47.381794,26.208176,25.819175720214844,71.38160705566406,-0.0015942605,0.020901948,0.0,2.384185791015625e-07,0.9696582
10,128,128,1,7,100,0.07549,0.002477,0.0004,shareGPT,vicuna13,./data/scores_rb/shareGPT-vicuna-d7-topk10-t1,t1d7,64,0.0001,0.0001,0.002877,0.007,0.2,0.98,2025-07-27 23:19:58,4.1139665,2.0559516,2.5,6.099999904632568,44.555176,23.884405,25.864410400390625,63.395484924316406,4.0223017,2.3161404,2.1785054206848145,5.806790828704834,47.381794,26.208176,25.819175720214844,71.38160705566406,-0.37610304,0.7631239,-0.5870397090911865,4.76837158203125e-07,0.9403438
10,128,128,1,7,100,0.07549,0.002477,0.0004,shareGPT,vicuna13,./data/scores_rb/shareGPT-vicuna-d7-topk10-t1,t1d7,64,5e-05,0.0001,0.02877,0.02,0.2,0.99,2025-07-27 23:27:26,6.9993033,0.017965743,7.0,7.0,45.9714,25.942015,24.05128288269043,70.06243133544922,4.3982334,2.432808,2.39676833152771,6.626033306121826,47.381794,26.208176,25.819175720214844,71.38160705566406,-0.00017163235,0.006218307,0.0,2.384185791015625e-07,0.97023344
10,128,128,1,7,100,0.07549,0.002477,0.0004,shareGPT,vicuna13,./data/scores_rb/shareGPT-vicuna-d7-topk10-t1,t1d7,64,5e-05,0.0001,0.02877,0.02,0.2,0.98,2025-07-28 00:00:10,6.860539,0.29556668,6.900000095367432,7.0,45.765114,25.869684,24.05128288269043,69.31217956542969,4.3683295,2.4233036,2.369784116744995,6.56331729888916,47.381794,26.208176,25.819175720214844,71.38160705566406,-0.030075287,0.105660275,-4.76837158203125e-07,2.384185791015625e-07,0.96587974
10,128,128,1,7,100,0.07549,0.002477,0.0004,shareGPT,vicuna13,./data/scores_rb/shareGPT-vicuna-d7-topk10-t1,t1d7,64,0.0001,0.0001,0.002877,0.008,0.1,0.99,2025-07-28 00:00:30,4.4106293,2.065351,2.799999952316284,6.599999904632568,45.242794,24.30415,26.043725967407227,65.18055725097656,4.119087,2.3529372,2.221602439880371,6.036533832550049,47.381794,26.208176,25.819175720214844,71.38160705566406,-0.2793176,0.6672358,-0.39637184143066406,4.76837158203125e-07,0.9548561
10,128,128,1,7,100,0.07549,0.002477,0.0004,shareGPT,vicuna13,./data/scores_rb/shareGPT-vicuna-d7-topk10-t1,t1d7,64,5e-05,0.0001,0.02877,0.03,0.1,0.99,2025-07-28 00:32:19,6.9950075,0.05006297,7.0,7.0,45.94503,25.97452,24.05128288269043,70.06243133544922,4.3974466,2.4325593,2.39676833152771,6.6246771812438965,47.381794,26.208176,25.819175720214844,71.38160705566406,-0.00095801597,0.015288209,0.0,2.384185791015625e-07,0.96967685
10,128,128,1,7,100,0.07549,0.002477,0.0004,shareGPT,vicuna13,./data/scores_rb/shareGPT-vicuna-d7-topk10-t1,t1d7,64,0.0001,0.0001,0.002877,0.008,0.1,0.98,2025-07-28 00:41:00,4.6551433,2.0107768,3.1000001430511475,6.800000190734863,45.64434,24.46469,26.320880889892578,65.93757629394531,4.1825056,2.3655043,2.278157949447632,6.155606746673584,47.381794,26.208176,25.819175720214844,71.38160705566406,-0.21589944,0.5849746,-0.2805337905883789,1.3053279417363228e-06,0.9633308
10,128,128,1,7,100,0.07549,0.002477,0.0004,shareGPT,vicuna13,./data/scores_rb/shareGPT-vicuna-d7-topk10-t1,t1d7,64,5e-05,0.0001,0.02877,0.03,0.1,0.98,2025-07-28 01:05:10,4.731169,1.8968285,3.1000001430511475,7.0,45.87953,24.393667,26.70586585998535,65.87960052490234,4.206812,2.3513086,2.339463472366333,6.109505653381348,47.381794,26.208176,25.819175720214844,71.38160705566406,-0.1915931,0.5676309,-0.24283838272094727,0.0004374980926513672,0.9682945
10,128,128,1,7,100,0.07549,0.002477,0.0004,shareGPT,vicuna13,./data/scores_rb/shareGPT-vicuna-d7-topk10-t1,t1d7,64,0.0001,0.0001,0.002877,0.008,0.2,0.99,2025-07-28 01:21:26,4.2989635,2.0424552,2.700000047683716,6.300000190734863,44.984375,24.089249,26.20086097717285,64.29528045654297,4.083742,2.333717,2.213237762451172,5.925968170166016,47.381794,26.208176,25.819175720214844,71.38160705566406,-0.31466317,0.6998165,-0.47270679473876953,4.76837158203125e-07,0.9494021
10,128,128,1,7,100,0.07549,0.002477,0.0004,shareGPT,vicuna13,./data/scores_rb/shareGPT-vicuna-d7-topk10-t1,t1d7,64,5e-05,0.0001,0.02877,0.03,0.2,0.99,2025-07-28 01:38:04,6.989057,0.08167511,7.0,7.0,45.990437,25.972216,24.05128288269043,70.06243133544922,4.395998,2.432423,2.3928818702697754,6.619859218597412,47.381794,26.208176,25.819175720214844,71.38160705566406,-0.002406766,0.027463993,0.0,2.384185791015625e-07,0.9706352
10,128,128,1,7,100,0.07549,0.002477,0.0004,shareGPT,vicuna13,./data/scores_rb/shareGPT-vicuna-d7-topk10-t1,t1d7,64,0.0001,0.0001,0.002877,0.008,0.2,0.98,2025-07-28 02:01:33,4.444506,2.0593731,2.799999952316284,6.700000286102295,45.241474,24.299646,26.10507583618164,64.9453125,4.123546,2.3548849,2.2250752449035645,6.037884712219238,47.381794,26.208176,25.819175720214844,71.38160705566406,-0.2748585,0.66263634,-0.38706493377685547,4.76837158203125e-07,0.9548282
10,128,128,1,7,100,0.07549,0.002477,0.0004,shareGPT,vicuna13,./data/scores_rb/shareGPT-vicuna-d7-topk10-t1,t1d7,64,5e-05,0.0001,0.02877,0.03,0.2,0.98,2025-07-28 02:10:13,5.0636253,1.8960067,3.799999952316284,7.0,46.25671,24.779936,26.585433959960938,67.86870574951172,4.277694,2.3867779,2.351236343383789,6.358362674713135,47.381794,26.208176,25.819175720214844,71.38160705566406,-0.120710835,0.46959013,-0.08636808395385742,0.00017261505126953125,0.97625494
10,128,128,1,7,100,0.07549,0.002477,0.0004,shareGPT,vicuna13,./data/scores_rb/shareGPT-vicuna-d7-topk10-t1,t1d7,64,0.0001,0.0001,0.002877,0.009,0.1,0.99,2025-07-28 02:42:13,4.380366,2.178993,2.6000001430511475,6.800000190734863,44.999596,24.47925,25.391345977783203,65.11637878417969,4.108401,2.3787649,2.1656596660614014,6.079926013946533,47.381794,26.208176,25.819175720214844,71.38160705566406,-0.2900039,0.7003523,-0.3918488025665283,4.76837158203125e-07,0.94972336
10,128,128,1,7,100,0.07549,0.002477,0.0004,shareGPT,vicuna13,./data/scores_rb/shareGPT-vicuna-d7-topk10-t1,t1d7,64,5e-05,0.0001,0.02877,0.04,0.1,0.99,2025-07-28 02:43:06,4.808221,1.9487828,3.1000001430511475,7.0,46.00244,24.55223,26.658361434936523,66.5578842163086,4.229304,2.369965,2.334167718887329,6.224961280822754,47.381794,26.208176,25.819175720214844,71.38160705566406,-0.16910088,0.5486809,-0.1768205165863037,0.00018334388732910156,0.97088856
10,128,128,1,7,100,0.07549,0.002477,0.0004,shareGPT,vicuna13,./data/scores_rb/shareGPT-vicuna-d7-topk10-t1,t1d7,64,5e-05,0.0001,0.02877,0.04,0.1,0.98,2025-07-28 03:15:40,4.524753,1.8527168,3.0,6.099999904632568,45.585026,24.051895,27.035730361938477,64.8338851928711,4.1508093,2.3163266,2.334429979324341,5.943912506103516,47.381794,26.208176,25.819175720214844,71.38160705566406,-0.24759582,0.62835246,-0.3713998794555664,0.00042706727981567383,0.9620789
10,128,128,1,7,100,0.07549,0.002477,0.0004,shareGPT,vicuna13,./data/scores_rb/shareGPT-vicuna-d7-topk10-t1,t1d7,64,0.0001,0.0001,0.002877,0.009,0.1,0.98,2025-07-28 03:22:46,3.9120429,2.064001,2.200000047683716,5.700000286102295,43.94221,23.646181,25.6055850982666,61.8403434753418,3.9478045,2.2944121,2.1294515132904053,5.625631332397461,47.381794,26.208176,25.819175720214844,71.38160705566406,-0.45060042,0.8378165,-0.7268688678741455,4.76837158203125e-07,0.9274071
10,128,128,1,7,100,0.07549,0.002477,0.0004,shareGPT,vicuna13,./data/scores_rb/shareGPT-vicuna-d7-topk10-t1,t1d7,64,5e-05,0.0001,0.02877,0.04,0.2,0.99,2025-07-28 03:49:15,4.4425373,1.9698218,3.0,6.400000095367432,45.401,24.125868,26.6544132232666,64.8338851928711,4.136655,2.334096,2.293217897415161,5.9722208976745605,47.381794,26.208176,25.819175720214844,71.38160705566406,-0.26175,0.66346145,-0.3820371627807617,2.676248550415039e-05,0.9581951
10,128,128,1,7,100,0.07549,0.002477,0.0004,shareGPT,vicuna13,./data/scores_rb/shareGPT-vicuna-d7-topk10-t1,t1d7,64,0.0001,0.0001,0.002877,0.009,0.2,0.99,2025-07-28 04:03:24,4.0404644,2.1078887,2.299999952316284,6.0,44.327896,23.946114,25.47127342224121,62.9693489074707,3.9984674,2.324201,2.13569712638855,5.793577194213867,47.381794,26.208176,25.819175720214844,71.38160705566406,-0.39993718,0.79372495,-0.6225707530975342,4.76837158203125e-07,0.935547
10,128,128,1,7,100,0.07549,0.002477,0.0004,shareGPT,vicuna13,./data/scores_rb/shareGPT-vicuna-d7-topk10-t1,t1d7,64,5e-05,0.0001,0.02877,0.04,0.2,0.98,2025-07-28 04:21:48,4.298848,1.9485419,3.0,6.0,45.0895,23.886147,26.77948570251465,63.788185119628906,4.087294,2.3120317,2.2758398056030273,5.847485065460205,47.381794,26.208176,25.819175720214844,71.38160705566406,-0.311111,0.7143423,-0.48163795471191406,9.5367431640625e-07,0.9516208
10,128,128,1,7,100,0.07549,0.002477,0.0004,shareGPT,vicuna13,./data/scores_rb/shareGPT-vicuna-d7-topk10-t1,t1d7,64,0.0001,0.0001,0.002877,0.009,0.2,0.98,2025-07-28 04:43:57,3.872283,2.0631163,2.200000047683716,5.599999904632568,43.829056,23.575764,25.391345977783203,61.8017463684082,3.9308686,2.2875051,2.115391492843628,5.601983070373535,47.381794,26.208176,25.819175720214844,71.38160705566406,-0.467536,0.84834754,-0.7601127624511719,4.76837158203125e-07,0.9250189
10,128,128,1,7,100,0.07549,0.002477,0.0004,shareGPT,vicuna13,./data/scores_rb/shareGPT-vicuna-d7-topk10-t1,t1d7,64,5e-05,0.0001,0.02877,0.05,0.1,0.99,2025-07-28 04:53:56,5.425991,1.7202638,4.099999904632568,7.0,46.430202,25.114439,26.316394805908203,69.01671600341797,4.3239574,2.3968036,2.384247303009033,6.450941562652588,47.381794,26.208176,25.819175720214844,71.38160705566406,-0.07444733,0.36416337,-0.024477720260620117,3.504753112792969e-05,0.9799165
10,128,128,1,7,100,0.07549,0.002477,0.0004,shareGPT,vicuna13,./data/scores_rb/shareGPT-vicuna-d7-topk10-t1,t1d7,64,5e-05,0.0001,0.002877,0.001,0.1,0.99,2025-07-28 05:24:36,6.9941983,0.054620337,7.0,7.0,45.970978,25.99925,24.05128288269043,70.06243133544922,4.397047,2.4322593,2.395291328430176,6.6229400634765625,47.381794,26.208176,25.819175720214844,71.38160705566406,-0.0013578257,0.018843733,0.0,2.384185791015625e-07,0.9702245
10,128,128,1,7,100,0.07549,0.002477,0.0004,shareGPT,vicuna13,./data/scores_rb/shareGPT-vicuna-d7-topk10-t1,t1d7,64,5e-05,0.0001,0.02877,0.05,0.1,0.98,2025-07-28 05:26:53,4.5017633,1.9438065,3.0,6.5,45.6019,24.19521,26.946256637573242,64.97953033447266,4.155179,2.3342829,2.3097732067108154,5.987861156463623,47.381794,26.208176,25.819175720214844,71.38160705566406,-0.2432258,0.63346404,-0.3569612503051758,0.00014841556549072266,0.962435
10,128,128,1,7,100,0.07549,0.002477,0.0004,shareGPT,vicuna13,./data/scores_rb/shareGPT-vicuna-d7-topk10-t1,t1d7,64,5e-05,0.0001,0.02877,0.05,0.2,0.99,2025-07-28 05:59:02,4.4163976,1.9958847,3.0,6.400000095367432,45.436253,24.137604,26.702194213867188,64.8338851928711,4.1325893,2.3368123,2.2785263061523438,5.971701145172119,47.381794,26.208176,25.819175720214844,71.38160705566406,-0.2658151,0.66882944,-0.3915677070617676,1.8486098269931972e-05,0.9589391
10,128,128,1,7,100,0.07549,0.002477,0.0004,shareGPT,vicuna13,./data/scores_rb/shareGPT-vicuna-d7-topk10-t1,t1d7,64,5e-05,0.0001,0.002877,0.001,0.1,0.98,2025-07-28 06:04:52,6.985899,0.08288697,7.0,7.0,46.020935,25.959217,24.05128288269043,70.06243133544922,4.3953695,2.4314528,2.3964109420776367,6.619859218597412,47.381794,26.208176,25.819175720214844,71.38160705566406,-0.0030351453,0.027470445,0.0,2.384185791015625e-07,0.97127885
10,128,128,1,7,100,0.07549,0.002477,0.0004,shareGPT,vicuna13,./data/scores_rb/shareGPT-vicuna-d7-topk10-t1,t1d7,64,5e-05,0.0001,0.02877,0.05,0.2,0.98,2025-07-28 06:32:01,4.7734838,1.9246526,3.200000047683716,7.0,45.96663,24.490105,26.946252822875977,66.46358489990234,4.2202187,2.3608165,2.3313817977905273,6.1667070388793945,47.381794,26.208176,25.819175720214844,71.38160705566406,-0.17818587,0.55239725,-0.21239852905273438,0.0003769397735595703,0.9701327
10,128,128,1,7,100,0.07549,0.002477,0.0004,shareGPT,vicuna13,./data/scores_rb/shareGPT-vicuna-d7-topk10-t1,t1d7,64,5e-05,0.0001,0.002877,0.001,0.2,0.99,2025-07-28 06:45:47,6.993773,0.053892914,7.0,7.0,45.994534,25.959051,24.05128288269043,70.06243133544922,4.3968897,2.4321263,2.394630193710327,6.624153137207031,47.381794,26.208176,25.819175720214844,71.38160705566406,-0.0015146972,0.019594712,0.0,2.384185791015625e-07,0.97072166
10,128,128,1,7,100,0.07549,0.002477,0.0004,shareGPT,vicuna13,./data/scores_rb/shareGPT-vicuna-d7-topk10-t1,t1d7,64,5e-05,0.0001,0.02877,0.06,0.1,0.99,2025-07-28 07:05:09,5.027232,1.9442301,3.799999952316284,7.0,46.18773,24.824533,26.36256980895996,67.1737060546875,4.271566,2.3890824,2.337545156478882,6.351726055145264,47.381794,26.208176,25.819175720214844,71.38160705566406,-0.12683916,0.48607746,-0.0958247184753418,0.00013212580233812332,0.9747991
10,128,128,1,7,100,0.07549,0.002477,0.0004,shareGPT,vicuna13,./data/scores_rb/shareGPT-vicuna-d7-topk10-t1,t1d7,64,5e-05,0.0001,0.002877,0.001,0.2,0.98,2025-07-28 07:26:05,6.989806,0.07125905,7.0,7.0,45.93346,25.949757,24.05128288269043,70.06243133544922,4.3960776,2.4318516,2.3948259353637695,6.619130611419678,47.381794,26.208176,25.819175720214844,71.38160705566406,-0.0023269039,0.024757424,0.0,2.384185791015625e-07,0.9694327
10,128,128,1,7,100,0.07549,0.002477,0.0004,shareGPT,vicuna13,./data/scores_rb/shareGPT-vicuna-d7-topk10-t1,t1d7,64,5e-05,0.0001,0.02877,0.06,0.1,0.98,2025-07-28 07:37:49,4.610589,2.1033638,3.0,7.0,45.68493,24.554485,26.029035568237305,66.46358489990234,4.18536,2.3796728,2.2545835971832275,6.186275482177734,47.381794,26.208176,25.819175720214844,71.38160705566406,-0.21304505,0.62796324,-0.25051069259643555,9.5367431640625e-07,0.9641874
10,128,128,1,7,100,0.07549,0.002477,0.0004,shareGPT,vicuna13,./data/scores_rb/shareGPT-vicuna-d7-topk10-t1,t1d7,64,5e-05,0.0001,0.02877,0.06,0.2,0.99,2025-07-28 08:03:51,4.8466797,2.0144677,3.1000001430511475,7.0,46.065563,24.66841,26.316394805908203,66.92530822753906,4.2400074,2.385068,2.301499128341675,6.299628734588623,47.381794,26.208176,25.819175720214844,71.38160705566406,-0.15839732,0.53984284,-0.14884424209594727,6.186962127685547e-05,0.9722207
10,128,128,1,7,100,0.07549,0.002477,0.0004,shareGPT,vicuna13,./data/scores_rb/shareGPT-vicuna-d7-topk10-t1,t1d7,64,5e-05,0.0001,0.002877,0.002,0.1,0.99,2025-07-28 08:07:03,6.9918423,0.06345479,7.0,7.0,45.969048,25.922556,24.05128288269043,70.06243133544922,4.396389,2.4319124,2.3964109420776367,6.619061470031738,47.381794,26.208176,25.819175720214844,71.38160705566406,-0.002015931,0.022957617,0.0,2.384185791015625e-07,0.9701838
10,128,128,1,7,100,0.07549,0.002477,0.0004,shareGPT,vicuna13,./data/scores_rb/shareGPT-vicuna-d7-topk10-t1,t1d7,64,5e-05,0.0001,0.02877,0.06,0.2,0.98,2025-07-28 08:26:57,4.3877635,2.0181894,3.0,6.400000095367432,45.306717,24.19488,26.36256980895996,64.82140350341797,4.1207867,2.339155,2.2667477130889893,5.96364688873291,47.381794,26.208176,25.819175720214844,71.38160705566406,-0.2776182,0.68725836,-0.4052925109863281,9.5367431640625e-07,0.9562052
10,128,128,1,7,100,0.07549,0.002477,0.0004,shareGPT,vicuna13,./data/scores_rb/shareGPT-vicuna-d7-topk10-t1,t1d7,64,5e-05,0.0001,0.002877,0.002,0.1,0.98,2025-07-28 08:48:00,6.9086757,0.22456355,7.0,7.0,45.850624,25.822073,24.113300323486328,69.0167236328125,4.377372,2.4237263,2.3812708854675293,6.573503017425537,47.381794,26.208176,25.819175720214844,71.38160705566406,-0.02103345,0.082724415,-5.960464477539063e-08,1.1920928955078125e-07,0.96768445
10,128,128,1,7,100,0.07549,0.002477,0.0004,shareGPT,vicuna13,./data/scores_rb/shareGPT-vicuna-d7-topk10-t1,t1d7,64,5e-05,0.0001,0.02877,0.07,0.1,0.99,2025-07-28 08:48:50,4.473774,2.075179,3.0,6.900000095367432,45.52316,24.368834,26.392486572265625,65.64249420166016,4.1509733,2.3609796,2.251830816268921,6.066822528839111,47.381794,26.208176,25.819175720214844,71.38160705566406,-0.24743158,0.6596033,-0.3364238739013672,1.335141746494628e-06,0.9607732
10,128,128,1,7,100,0.07549,0.002477,0.0004,shareGPT,vicuna13,./data/scores_rb/shareGPT-vicuna-d7-topk10-t1,t1d7,64,5e-05,0.0001,0.02877,0.07,0.1,0.98,2025-07-28 09:14:42,3.845651,1.983358,2.200000047683716,5.200000286102295,43.8721,23.319555,25.883325576782227,60.92495346069336,3.926502,2.2536626,2.179041624069214,5.530242443084717,47.381794,26.208176,25.819175720214844,71.38160705566406,-0.47190297,0.8582538,-0.8026366233825684,4.76837158203125e-07,0.9259274
10,128,128,1,7,100,0.07549,0.002477,0.0004,shareGPT,vicuna13,./data/scores_rb/shareGPT-vicuna-d7-topk10-t1,t1d7,64,5e-05,0.0001,0.002877,0.002,0.2,0.99,2025-07-28 09:29:22,6.9887147,0.07359124,7.0,7.0,45.992626,25.94802,24.05128288269043,70.06243133544922,4.3959346,2.4318075,2.395291328430176,6.621304988861084,47.381794,26.208176,25.819175720214844,71.38160705566406,-0.0024703052,0.024650188,0.0,2.384185791015625e-07,0.9706814
10,128,128,1,7,100,0.07549,0.002477,0.0004,shareGPT,vicuna13,./data/scores_rb/shareGPT-vicuna-d7-topk10-t1,t1d7,64,5e-05,0.0001,0.02877,0.07,0.2,0.99,2025-07-28 09:40:13,4.483174,2.1228805,3.0,7.0,45.464474,24.461706,26.029035568237305,65.87960052490234,4.150467,2.373728,2.230661153793335,6.110082626342773,47.381794,26.208176,25.819175720214844,71.38160705566406,-0.247938,0.67528397,-0.3168768882751465,9.5367431640625e-07,0.95953465
10,128,128,1,7,100,0.07549,0.002477,0.0004,shareGPT,vicuna13,./data/scores_rb/shareGPT-vicuna-d7-topk10-t1,t1d7,64,5e-05,0.0001,0.02877,0.07,0.2,0.98,2025-07-28 10:05:46,4.479553,2.0614765,3.0,7.0,45.511883,24.373903,26.437225341796875,65.484375,4.146922,2.35914,2.2584598064422607,6.059905529022217,47.381794,26.208176,25.819175720214844,71.38160705566406,-0.25148278,0.66674936,-0.33684539794921875,9.5367431640625e-07,0.9605352
10,128,128,1,7,100,0.07549,0.002477,0.0004,shareGPT,vicuna13,./data/scores_rb/shareGPT-vicuna-d7-topk10-t1,t1d7,64,5e-05,0.0001,0.002877,0.002,0.2,0.98,2025-07-28 10:10:50,6.976004,0.10713623,7.0,7.0,45.915802,25.945019,24.05128288269043,70.06243133544922,4.392933,2.4301567,2.3933401107788086,6.613122463226318,47.381794,26.208176,25.819175720214844,71.38160705566406,-0.0054713753,0.0384731,0.0,1.1920928955078125e-07,0.96906
10,128,128,1,7,100,0.07549,0.002477,0.0004,shareGPT,vicuna13,./data/scores_rb/shareGPT-vicuna-d7-topk10-t1,t1d7,64,5e-05,0.0001,0.02877,0.08,0.1,0.99,2025-07-28 10:31:47,4.0905967,2.0560303,2.6000001430511475,6.0,44.65079,23.824305,25.832767486572266,63.14040756225586,4.028806,2.3123326,2.196743965148926,5.781703472137451,47.381794,26.208176,25.819175720214844,71.38160705566406,-0.36959898,0.7872188,-0.5946106910705566,4.76837158203125e-07,0.9423618
10,128,128,1,7,100,0.07549,0.002477,0.0004,shareGPT,vicuna13,./data/scores_rb/shareGPT-vicuna-d7-topk10-t1,t1d7,64,5e-05,0.0001,0.002877,0.003,0.1,0.99,2025-07-28 10:51:38,6.928411,0.19026402,7.0,7.0,45.884712,25.842003,24.323270797729492,69.50556945800781,4.3814454,2.4243944,2.3879048824310303,6.578152656555176,47.381794,26.208176,25.819175720214844,71.38160705566406,-0.016959418,0.07167371,0.0,1.1920928955078125e-07,0.9684039
10,128,128,1,7,100,0.07549,0.002477,0.0004,shareGPT,vicuna13,./data/scores_rb/shareGPT-vicuna-d7-topk10-t1,t1d7,64,5e-05,0.0001,0.02877,0.08,0.1,0.98,2025-07-28 10:57:50,3.9660938,2.0575645,2.299999952316284,5.900000095367432,44.279156,23.705956,25.766162872314453,62.263832092285156,3.9792507,2.2964756,2.1778550148010254,5.664471626281738,47.381794,26.208176,25.819175720214844,71.38160705566406,-0.419154,0.83671767,-0.6936726570129395,4.76837158203125e-07,0.93451834
10,128,128,1,7,100,0.07549,0.002477,0.0004,shareGPT,vicuna13,./data/scores_rb/shareGPT-vicuna-d7-topk10-t1,t1d7,64,5e-05,0.0001,0.02877,0.08,0.2,0.99,2025-07-28 11:23:58,4.208046,2.052752,2.799999952316284,6.0,44.888557,24.051214,26.029037475585938,63.788185119628906,4.065335,2.3269157,2.2242841720581055,5.854371070861816,47.381794,26.208176,25.819175720214844,71.38160705566406,-0.33307016,0.75124747,-0.5117511749267578,4.76837158203125e-07,0.9473799
10,128,128,1,7,100,0.07549,0.002477,0.0004,shareGPT,vicuna13,./data/scores_rb/shareGPT-vicuna-d7-topk10-t1,t1d7,64,5e-05,0.0001,0.002877,0.003,0.1,0.98,2025-07-28 11:32:22,6.585202,0.51451457,6.300000190734863,7.0,45.300514,25.434923,24.323270797729492,67.97101593017578,4.2987347,2.38821,2.3508193492889404,6.406266212463379,47.381794,26.208176,25.819175720214844,71.38160705566406,-0.099669985,0.21252808,-0.12102556228637695,4.656612873077393e-10,0.9560743
10,128,128,1,7,100,0.07549,0.002477,0.0004,shareGPT,vicuna13,./data/scores_rb/shareGPT-vicuna-d7-topk10-t1,t1d7,64,5e-05,0.0001,0.02877,0.08,0.2,0.98,2025-07-28 11:50:09,3.9530966,2.0546472,2.299999952316284,5.900000095367432,44.21404,23.666441,25.721424102783203,62.069183349609375,3.9730694,2.2931316,2.1682229042053223,5.666325569152832,47.381794,26.208176,25.819175720214844,71.38160705566406,-0.42533544,0.83835644,-0.7078447341918945,4.76837158203125e-07,0.93314403
10,128,128,1,7,100,0.07549,0.002477,0.0004,shareGPT,vicuna13,./data/scores_rb/shareGPT-vicuna-d7-topk10-t1,t1d7,64,5e-05,0.0001,0.002877,0.003,0.2,0.99,2025-07-28 12:03:17,6.963719,0.13287209,7.0,7.0,45.97749,25.935081,24.05128288269043,70.06243133544922,4.389608,2.4284658,2.3939502239227295,6.601555824279785,47.381794,26.208176,25.819175720214844,71.38160705566406,-0.008797012,0.04959359,0.0,1.1920928955078125e-07,0.97036195
10,128,128,1,7,100,0.07549,0.002477,0.0004,shareGPT,vicuna13,./data/scores_rb/shareGPT-vicuna-d7-topk10-t1,t1d7,64,5e-05,0.0001,0.02877,0.09,0.1,0.99,2025-07-28 12:18:43,4.047392,2.0484655,2.5,6.0,44.45988,23.74963,26.029035568237305,62.7619743347168,4.0057483,2.3042357,2.2005653381347656,5.723575115203857,47.381794,26.208176,25.819175720214844,71.38160705566406,-0.39265618,0.8114919,-0.6368141174316406,4.76837158203125e-07,0.93833256
10,128,128,1,7,100,0.07549,0.002477,0.0004,shareGPT,vicuna13,./data/scores_rb/shareGPT-vicuna-d7-topk10-t1,t1d7,64,5e-05,0.0001,0.002877,0.003,0.2,0.98,2025-07-28 12:36:57,6.5066814,0.5545888,6.200000286102295,7.0,45.101833,25.290724,24.323270797729492,67.3192367553711,4.279615,2.3756797,2.3376407623291016,6.36184024810791,47.381794,26.208176,25.819175720214844,71.38160705566406,-0.118790485,0.2334767,-0.16376972198486328,0.0,0.9518811
10,128,128,1,7,100,0.07549,0.002477,0.0004,shareGPT,vicuna13,./data/scores_rb/shareGPT-vicuna-d7-topk10-t1,t1d7,64,5e-05,0.0001,0.02877,0.09,0.1,0.98,2025-07-28 12:53:15,3.5461278,2.0165064,2.0,5.0,42.76004,22.997622,25.391345977783203,58.175045013427734,3.7971797,2.2234523,2.0724313259124756,5.237112045288086,47.381794,26.208176,25.819175720214844,71.38160705566406,-0.6012251,0.97374344,-1.0169909000396729,0.0,0.9024572
10,128,128,1,7,100,0.07549,0.002477,0.0004,shareGPT,vicuna13,./data/scores_rb/shareGPT-vicuna-d7-topk10-t1,t1d7,64,5e-05,0.0001,0.002877,0.004,0.1,0.99,2025-07-28 13:06:49,5.000582,1.9181249,3.5,7.0,45.99247,24.764753,26.27918815612793,67.2175064086914,4.2496605,2.3837235,2.3217389583587646,6.315189361572266,47.381794,26.208176,25.819175720214844,71.38160705566406,-0.14874457,0.47830465,-0.15617012977600098,3.743171691894531e-05,0.9706781
10,128,128,1,7,100,0.07549,0.002477,0.0004,shareGPT,vicuna13,./data/scores_rb/shareGPT-vicuna-d7-topk10-t1,t1d7,64,5e-05,0.0001,0.02877,0.09,0.2,0.99,2025-07-28 13:25:33,4.2422915,2.0204709,2.9000000953674316,6.0,45.01192,23.962795,26.404260635375977,63.788185119628906,4.073689,2.3215487,2.239198684692383,5.850068092346191,47.381794,26.208176,25.819175720214844,71.38160705566406,-0.32471582,0.73671633,-0.5057535171508789,9.5367431640625e-07,0.9499835
10,128,128,1,7,100,0.07549,0.002477,0.0004,shareGPT,vicuna13,./data/scores_rb/shareGPT-vicuna-d7-topk10-t1,t1d7,64,5e-05,0.0001,0.002877,0.004,0.1,0.98,2025-07-28 13:33:39,5.0795274,1.8252214,3.700000047683716,7.0,46.01431,24.72596,26.6329345703125,66.95999908447266,4.256443,2.3779342,2.3450701236724854,6.311670303344727,47.381794,26.208176,25.819175720214844,71.38160705566406,-0.14196171,0.4531338,-0.14971542358398438,6.699562072753906e-05,0.971139
10,128,128,1,7,100,0.07549,0.002477,0.0004,shareGPT,vicuna13,./data/scores_rb/shareGPT-vicuna-d7-topk10-t1,t1d7,64,5e-05,0.0001,0.02877,0.09,0.2,0.98,2025-07-28 13:57:59,3.4597704,1.985287,2.0,5.0,42.342007,22.721703,25.301870346069336,57.46493148803711,3.7486694,2.1933339,2.0493862628936768,5.117415904998779,47.381794,26.208176,25.819175720214844,71.38160705566406,-0.64973545,1.0048732,-1.10819411277771,0.0,0.8936345
10,128,128,1,7,100,0.07549,0.002477,0.0004,shareGPT,vicuna13,./data/scores_rb/shareGPT-vicuna-d7-topk10-t1,t1d7,64,5e-05,0.0001,0.002877,0.004,0.2,0.99,2025-07-28 14:00:13,5.2971587,1.8319056,4.0,7.0,46.183815,24.95515,26.227386474609375,67.97102355957031,4.2960353,2.397006,2.343003034591675,6.422828674316406,47.381794,26.208176,25.819175720214844,71.38160705566406,-0.10236926,0.3966996,-0.08209753036499023,5.078315734863281e-05,0.9747165
10,128,128,1,7,100,0.07549,0.002477,0.0004,shareGPT,vicuna13,./data/scores_rb/shareGPT-vicuna-d7-topk10-t1,t1d7,64,5e-05,0.0001,0.002877,0.004,0.2,0.98,2025-07-28 14:26:43,4.645196,1.9429916,3.1000001430511475,6.700000286102295,45.636497,24.351664,26.571029663085938,65.5381851196289,4.1760297,2.3525484,2.299826145172119,6.1056132316589355,47.381794,26.208176,25.819175720214844,71.38160705566406,-0.22237512,0.5836518,-0.2978701591491699,9.179115295410156e-06,0.9631652
10,128,128,1,7,100,0.07549,0.002477,0.0004,shareGPT,vicuna13,./data/scores_rb/shareGPT-vicuna-d7-topk10-t1,t1d7,64,1e-05,0.0001,0.02877,0.01,0.1,0.99,2025-07-28 14:30:19,6.996805,0.039456874,7.0,7.0,45.985405,25.944256,24.498998641967773,70.06243133544922,4.397648,2.4325387,2.3961238861083984,6.625087261199951,47.381794,26.208176,25.819175720214844,71.38160705566406,-0.000757001,0.013796277,0.0,2.384185791015625e-07,0.970529
10,128,128,1,7,100,0.07549,0.002477,0.0004,shareGPT,vicuna13,./data/scores_rb/shareGPT-vicuna-d7-topk10-t1,t1d7,64,5e-05,0.0001,0.002877,0.005,0.1,0.99,2025-07-28 14:52:18,5.3528876,1.7582303,4.099999904632568,7.0,46.152885,24.978142,26.2067813873291,67.97101593017578,4.2936554,2.3954067,2.3508355617523193,6.414073944091797,47.381794,26.208176,25.819175720214844,71.38160705566406,-0.10474947,0.38654938,-0.08452367782592773,1.9550323486328125e-05,0.9740637
10,128,128,1,7,100,0.07549,0.002477,0.0004,shareGPT,vicuna13,./data/scores_rb/shareGPT-vicuna-d7-topk10-t1,t1d7,64,1e-05,0.0001,0.02877,0.01,0.1,0.98,2025-07-28 15:02:31,6.9958725,0.04549464,7.0,7.0,45.97907,25.991009,24.05128288269043,70.06243133544922,4.3976,2.4325643,2.3961238861083984,6.626282691955566,47.381794,26.208176,25.819175720214844,71.38160705566406,-0.0008043628,0.014467484,0.0,2.384185791015625e-07,0.97039527
10,128,128,1,7,100,0.07549,0.002477,0.0004,shareGPT,vicuna13,./data/scores_rb/shareGPT-vicuna-d7-topk10-t1,t1d7,64,5e-05,0.0001,0.002877,0.005,0.1,0.98,2025-07-28 15:17:03,4.6430707,1.9426295,3.1000001430511475,6.700000286102295,45.653194,24.39394,26.526700973510742,65.87960052490234,4.1755843,2.3506825,2.2936460971832275,6.097879886627197,47.381794,26.208176,25.819175720214844,71.38160705566406,-0.22282031,0.58484167,-0.3002767562866211,2.6211258955299854e-05,0.96351767
10,128,128,1,7,100,0.07549,0.002477,0.0004,shareGPT,vicuna13,./data/scores_rb/shareGPT-vicuna-d7-topk10-t1,t1d7,64,1e-05,0.0001,0.02877,0.01,0.2,0.99,2025-07-28 15:33:27,6.9984193,0.030464975,7.0,7.0,46.03903,25.979418,24.05128288269043,70.06243133544922,4.3980923,2.4328036,2.3964109420776367,6.625617980957031,47.381794,26.208176,25.819175720214844,71.38160705566406,-0.0003127369,0.009139691,0.0,2.384185791015625e-07,0.97166073
10,128,128,1,7,100,0.07549,0.002477,0.0004,shareGPT,vicuna13,./data/scores_rb/shareGPT-vicuna-d7-topk10-t1,t1d7,64,5e-05,0.0001,0.002877,0.005,0.2,0.99,2025-07-28 15:49:59,4.722438,1.988105,3.1000001430511475,6.900000095367432,45.68777,24.49345,26.39093017578125,66.05303955078125,4.195018,2.3687258,2.280723810195923,6.1859660148620605,47.381794,26.208176,25.819175720214844,71.38160705566406,-0.20338707,0.5658053,-0.2564295530319214,1.3709018276131246e-06,0.9642474
10,128,128,1,7,100,0.07549,0.002477,0.0004,shareGPT,vicuna13,./data/scores_rb/shareGPT-vicuna-d7-topk10-t1,t1d7,64,1e-05,0.0001,0.02877,0.01,0.2,0.98,2025-07-28 16:06:05,6.99478,0.053017236,7.0,7.0,45.973785,25.973999,24.05128288269043,70.06243133544922,4.397235,2.4324627,2.3948259353637695,6.625617980957031,47.381794,26.208176,25.819175720214844,71.38160705566406,-0.001170097,0.018358683,0.0,2.384185791015625e-07,0.97028375
10,128,128,1,7,100,0.07549,0.002477,0.0004,shareGPT,vicuna13,./data/scores_rb/shareGPT-vicuna-d7-topk10-t1,t1d7,64,5e-05,0.0001,0.002877,0.005,0.2,0.98,2025-07-28 16:25:05,4.743626,1.9817822,3.1000001430511475,6.900000095367432,45.704994,24.538216,26.48764419555664,66.32029724121094,4.201872,2.3698225,2.2878761291503906,6.2010178565979,47.381794,26.208176,25.819175720214844,71.38160705566406,-0.19653283,0.56112516,-0.2375352382659912,5.220455932430923e-06,0.9646109
10,128,128,1,7,100,0.07549,0.002477,0.0004,shareGPT,vicuna13,./data/scores_rb/shareGPT-vicuna-d7-topk10-t1,t1d7,64,1e-05,0.0001,0.02877,0.02,0.1,0.99,2025-07-28 16:36:39,6.9979424,0.033813786,7.0,7.0,45.989452,25.914904,24.05128288269043,70.06243133544922,4.397914,2.4328067,2.3968050479888916,6.626033306121826,47.381794,26.208176,25.819175720214844,71.38160705566406,-0.00049098936,0.011148029,0.0,2.384185791015625e-07,0.97061443
10,128,128,1,7,100,0.07549,0.002477,0.0004,shareGPT,vicuna13,./data/scores_rb/shareGPT-vicuna-d7-topk10-t1,t1d7,64,1e-05,0.0001,0.02877,0.02,0.1,0.98,2025-07-28 17:07:11,6.9928226,0.064072646,7.0,7.0,46.004745,25.948654,24.05128288269043,70.06243133544922,4.39691,2.4325821,2.39676833152771,6.624153137207031,47.381794,26.208176,25.819175720214844,71.38160705566406,-0.0014943556,0.020088846,0.0,2.384185791015625e-07,0.9709372
10,128,128,1,7,100,0.07549,0.002477,0.0004,shareGPT,vicuna13,./data/scores_rb/shareGPT-vicuna-d7-topk10-t1,t1d7,64,5e-05,0.0001,0.002877,0.006,0.1,0.99,2025-07-28 17:19:05,4.6439323,2.002948,3.0,6.800000190734863,45.54475,24.437115,26.326370239257812,65.90281677246094,4.176115,2.3633757,2.2720413208007812,6.131317615509033,47.381794,26.208176,25.819175720214844,71.38160705566406,-0.22228976,0.59062666,-0.28653526306152344,9.5367431640625e-07,0.9612289
10,128,128,1,7,100,0.07549,0.002477,0.0004,shareGPT,vicuna13,./data/scores_rb/shareGPT-vicuna-d7-topk10-t1,t1d7,64,1e-05,0.0001,0.02877,0.02,0.2,0.99,2025-07-28 17:38:05,6.9974613,0.036837973,7.0,7.0,46.00068,25.956282,24.05128288269043,70.06243133544922,4.3978534,2.4327495,2.3964109420776367,6.625617980957031,47.381794,26.208176,25.819175720214844,71.38160705566406,-0.00055108685,0.011862359,0.0,2.384185791015625e-07,0.97085136
10,128,128,1,7,100,0.07549,0.002477,0.0004,shareGPT,vicuna13,./data/scores_rb/shareGPT-vicuna-d7-topk10-t1,t1d7,64,1e-05,0.0001,0.02877,0.02,0.2,0.98,2025-07-28 18:08:30,6.9803996,0.10612747,7.0,7.0,45.892464,25.959143,24.05128288269043,69.55409240722656,4.3943515,2.431807,2.3923089504241943,6.616130828857422,47.381794,26.208176,25.819175720214844,71.38160705566406,-0.004053172,0.03429692,0.0,2.384185791015625e-07,0.96856743
10,128,128,1,7,100,0.07549,0.002477,0.0004,shareGPT,vicuna13,./data/scores_rb/shareGPT-vicuna-d7-topk10-t1,t1d7,64,5e-05,0.0001,0.002877,0.006,0.1,0.98,2025-07-28 18:14:51,4.5168076,1.9834499,3.0,6.599999904632568,45.33458,24.314852,26.36256980895996,65.1977310180664,4.1396537,2.3459902,2.261740207672119,6.037465572357178,47.381794,26.208176,25.819175720214844,71.38160705566406,-0.25875133,0.6291186,-0.36498260498046875,9.5367431640625e-07,0.95679325
10,128,128,1,7,100,0.07549,0.002477,0.0004,shareGPT,vicuna13,./data/scores_rb/shareGPT-vicuna-d7-topk10-t1,t1d7,64,1e-05,0.0001,0.02877,0.03,0.1,0.99,2025-07-28 18:39:03,6.8318667,0.3167257,6.800000190734863,7.0,45.752728,25.791925,24.149765014648438,69.0167236328125,4.3615136,2.4184513,2.3764476776123047,6.540899753570557,47.381794,26.208176,25.819175720214844,71.38160705566406,-0.036891464,0.11500988,-4.76837158203125e-07,1.1920928955078125e-07,0.9656183
10,128,128,1,7,100,0.07549,0.002477,0.0004,shareGPT,vicuna13,./data/scores_rb/shareGPT-vicuna-d7-topk10-t1,t1d7,64,1e-05,0.0001,0.02877,0.03,0.1,0.98,2025-07-28 19:07:39,4.7131724,1.7592603,3.299999952316284,6.599999904632568,45.746643,24.231419,27.212173461914062,65.08414459228516,4.184311,2.3283095,2.3731276988983154,6.014817237854004,47.381794,26.208176,25.819175720214844,71.38160705566406,-0.21409339,0.5745315,-0.28960752487182617,0.0004911422729492188,0.96548986
10,128,128,1,7,100,0.07549,0.002477,0.0004,shareGPT,vicuna13,./data/scores_rb/shareGPT-vicuna-d7-topk10-t1,t1d7,64,5e-05,0.0001,0.002877,0.006,0.2,0.99,2025-07-28 19:12:31,4.691555,1.9658997,3.1000001430511475,6.800000190734863,45.682568,24.448114,26.526700973510742,66.0742416381836,4.185757,2.3619359,2.2940876483917236,6.147507667541504,47.381794,26.208176,25.819175720214844,71.38160705566406,-0.2126481,0.57379025,-0.27073025703430176,1.3708595361094922e-06,0.96413755
10,128,128,1,7,100,0.07549,0.002477,0.0004,shareGPT,vicuna13,./data/scores_rb/shareGPT-vicuna-d7-topk10-t1,t1d7,64,1e-05,0.0001,0.02877,0.03,0.2,0.99,2025-07-28 19:32:49,6.9624023,0.14628702,7.0,7.0,45.915203,25.934875,24.05128288269043,70.06243133544922,4.3902864,2.4303977,2.39148211479187,6.608966827392578,47.381794,26.208176,25.819175720214844,71.38160705566406,-0.0081184255,0.04976493,0.0,2.384185791015625e-07,0.96904737
10,128,128,1,7,100,0.07549,0.002477,0.0004,shareGPT,vicuna13,./data/scores_rb/shareGPT-vicuna-d7-topk10-t1,t1d7,64,1e-05,0.0001,0.02877,0.03,0.2,0.98,2025-07-28 19:58:33,6.5957346,0.5133137,6.300000190734863,7.0,45.36571,25.488672,24.266359329223633,68.41873931884766,4.3070297,2.3938904,2.339665174484253,6.443376064300537,47.381794,26.208176,25.819175720214844,71.38160705566406,-0.091375016,0.19851711,-0.10618877410888672,5.960464477539063e-08,0.9574503
10,128,128,1,7,100,0.07549,0.002477,0.0004,shareGPT,vicuna13,./data/scores_rb/shareGPT-vicuna-d7-topk10-t1,t1d7,64,5e-05,0.0001,0.002877,0.006,0.2,0.98,2025-07-28 20:11:54,4.302584,2.0384343,2.700000047683716,6.400000095367432,44.988697,24.119133,26.031782150268555,64.2608871459961,4.082813,2.3352058,2.2138936519622803,5.928775787353516,47.381794,26.208176,25.819175720214844,71.38160705566406,-0.31559253,0.7062093,-0.46598172187805176,4.76837158203125e-07,0.94949335
10,128,128,1,7,100,0.07549,0.002477,0.0004,shareGPT,vicuna13,./data/scores_rb/shareGPT-vicuna-d7-topk10-t1,t1d7,64,1e-05,0.0001,0.02877,0.04,0.1,0.99,2025-07-28 20:24:38,5.153917,1.7544991,3.799999952316284,7.0,46.166286,24.783989,26.78375816345215,67.2175064086914,4.2750993,2.3784306,2.377253293991089,6.326339244842529,47.381794,26.208176,25.819175720214844,71.38160705566406,-0.123305455,0.45154384,-0.08766627311706543,0.00015473365783691406,0.9743465
10,128,128,1,7,100,0.07549,0.002477,0.0004,shareGPT,vicuna13,./data/scores_rb/shareGPT-vicuna-d7-topk10-t1,t1d7,64,1e-05,0.0001,0.02877,0.04,0.1,0.98,2025-07-28 20:50:32,4.5859404,1.855408,3.1000001430511475,6.599999904632568,45.56793,24.182652,27.056386947631836,64.8338851928711,4.1585455,2.331623,2.338160276412964,5.996974468231201,47.381794,26.208176,25.819175720214844,71.38160705566406,-0.23985939,0.6193972,-0.32939672470092773,0.0001938343048095703,0.9617181
10,128,128,1,7,100,0.07549,0.002477,0.0004,shareGPT,vicuna13,./data/scores_rb/shareGPT-vicuna-d7-topk10-t1,t1d7,64,5e-05,0.0001,0.002877,0.007,0.1,0.99,2025-07-28 21:12:48,4.5222435,2.0515487,2.9000000953674316,6.800000190734863,45.337353,24.402998,26.13319969177246,65.24102783203125,4.1460614,2.3620603,2.2341742515563965,6.094629764556885,47.381794,26.208176,25.819175720214844,71.38160705566406,-0.2523433,0.63530153,-0.3404768705368042,7.953494787216187e-07,0.9568518
10,128,128,1,7,100,0.07549,0.002477,0.0004,shareGPT,vicuna13,./data/scores_rb/shareGPT-vicuna-d7-topk10-t1,t1d7,64,1e-05,0.0001,0.02877,0.04,0.2,0.99,2025-07-28 21:16:14,4.646087,1.8546793,3.1000001430511475,6.700000286102295,45.674675,24.242056,27.017438888549805,65.16756439208984,4.1767626,2.3378837,2.341909170150757,6.048707008361816,47.381794,26.208176,25.819175720214844,71.38160705566406,-0.22164246,0.5973893,-0.2951655387878418,0.0002961158752441406,0.963971
10,128,128,1,7,100,0.07549,0.002477,0.0004,shareGPT,vicuna13,./data/scores_rb/shareGPT-vicuna-d7-topk10-t1,t1d7,64,1e-05,0.0001,0.02877,0.04,0.2,0.98,2025-07-28 21:42:13,4.448186,1.8633397,3.0,6.200000286102295,45.315853,23.937958,27.12520408630371,63.8994140625,4.120659,2.3134215,2.3148839473724365,5.906186103820801,47.381794,26.208176,25.819175720214844,71.38160705566406,-0.27774608,0.66209865,-0.41014647483825684,6.461143493652344e-05,0.956398
10,128,128,1,7,100,0.07549,0.002477,0.0004,shareGPT,vicuna13,./data/scores_rb/shareGPT-vicuna-d7-topk10-t1,t1d7,64,1e-05,0.0001,0.02877,0.05,0.1,0.99,2025-07-28 22:08:33,4.5574403,1.9120373,3.0,6.700000286102295,45.53918,24.204052,26.86591911315918,65.11637878417969,4.1537375,2.3376396,2.3104212284088135,6.011035442352295,47.381794,26.208176,25.819175720214844,71.38160705566406,-0.24466743,0.6328031,-0.3346982002258301,0.00011134147644042969,0.96111137
10,128,128,1,7,100,0.07549,0.002477,0.0004,shareGPT,vicuna13,./data/scores_rb/shareGPT-vicuna-d7-topk10-t1,t1d7,64,5e-05,0.0001,0.002877,0.007,0.1,0.98,2025-07-28 22:10:39,4.1791167,2.0952396,2.5,6.300000190734863,44.63374,24.078285,25.625308990478516,63.6873779296875,4.0430994,2.3365183,2.1717920303344727,5.882662296295166,47.381794,26.208176,25.819175720214844,71.38160705566406,-0.3553055,0.7531568,-0.5366086959838867,4.76837158203125e-07,0.9420019
10,128,128,1,7,100,0.07549,0.002477,0.0004,shareGPT,vicuna13,./data/scores_rb/shareGPT-vicuna-d7-topk10-t1,t1d7,64,1e-05,0.0001,0.02877,0.05,0.1,0.98,2025-07-28 22:34:32,4.285176,1.8951294,2.9000000953674316,6.0,44.919987,23.801367,26.58902359008789,63.322731018066406,4.0716915,2.295679,2.2810375690460205,5.7996506690979,47.381794,26.208176,25.819175720214844,71.38160705566406,-0.32671314,0.7159988,-0.514087438583374,9.5367431640625e-07,0.94804317
10,128,128,1,7,100,0.07549,0.002477,0.0004,shareGPT,vicuna13,./data/scores_rb/shareGPT-vicuna-d7-topk10-t1,t1d7,64,5e-05,0.0001,0.002877,0.007,0.2,0.99,2025-07-28 22:59:21,5.0185075,1.943133,3.5,7.0,45.884026,24.797535,26.12400245666504,67.29741668701172,4.2451634,2.3906047,2.2975833415985107,6.336935520172119,47.381794,26.208176,25.819175720214844,71.38160705566406,-0.153241,0.49653685,-0.1442546844482422,1.4601537259295583e-06,0.9683894
10,128,128,1,7,100,0.07549,0.002477,0.0004,shareGPT,vicuna13,./data/scores_rb/shareGPT-vicuna-d7-topk10-t1,t1d7,64,1e-05,0.0001,0.02877,0.05,0.2,0.99,2025-07-28 23:00:40,4.39012,1.8840115,3.0,6.099999904632568,45.197266,23.943663,26.946256637573242,64.04937744140625,4.1035337,2.3110323,2.3021934032440186,5.8764190673828125,47.381794,26.208176,25.819175720214844,71.38160705566406,-0.29487097,0.68386227,-0.44143104553222656,2.1219253540039062e-05,0.9538952
10,128,128,1,7,100,0.07549,0.002477,0.0004,shareGPT,vicuna13,./data/scores_rb/shareGPT-vicuna-d7-topk10-t1,t1d7,64,1e-05,0.0001,0.02877,0.05,0.2,0.98,2025-07-28 23:25:31,4.3301477,1.8802011,2.9000000953674316,6.0,45.07769,23.826954,26.946256637573242,63.6873779296875,4.0837703,2.3009925,2.2956807613372803,5.830071926116943,47.381794,26.208176,25.819175720214844,71.38160705566406,-0.31463468,0.7047802,-0.4809713363647461,2.60770320892334e-06,0.95137155
10,128,128,1,7,100,0.07549,0.002477,0.0004,shareGPT,vicuna13,./data/scores_rb/shareGPT-vicuna-d7-topk10-t1,t1d7,64,5e-05,0.0001,0.002877,0.007,0.2,0.98,2025-07-28 23:29:46,4.1658216,2.0361705,2.5,6.099999904632568,44.660957,23.937996,25.951141357421875,63.630218505859375,4.037062,2.3177586,2.188689947128296,5.824510097503662,47.381794,26.208176,25.819175720214844,71.38160705566406,-0.36134264,0.74578774,-0.5573499202728271,4.76837158203125e-07,0.94257635
10,128,128,1,7,100,0.07549,0.002477,0.0004,shareGPT,vicuna13,./data/scores_rb/shareGPT-vicuna-d7-topk10-t1,t1d7,64,5e-05,0.0001,0.002877,0.008,0.1,0.99,2025-07-28 23:50:48,4.2235336,2.0707605,2.6000001430511475,6.300000190734863,44.778767,24.069027,25.83430290222168,63.94878005981445,4.05905,2.3338037,2.18949818611145,5.884909629821777,47.381794,26.208176,25.819175720214844,71.38160705566406,-0.33935472,0.73073536,-0.5090231895446777,4.76837158203125e-07,0.9450627
10,128,128,1,7,100,0.07549,0.002477,0.0004,shareGPT,vicuna13,./data/scores_rb/shareGPT-vicuna-d7-topk10-t1,t1d7,64,1e-05,0.0001,0.02877,0.06,0.1,0.99,2025-07-28 23:52:01,4.314843,1.9720358,2.9000000953674316,6.200000286102295,45.041325,24.007181,26.571027755737305,63.81599044799805,4.087798,2.3222456,2.262582540512085,5.888326644897461,47.381794,26.208176,25.819175720214844,71.38160705566406,-0.31060663,0.71186614,-0.46306467056274414,9.5367431640625e-07,0.950604
10,128,128,1,7,100,0.07549,0.002477,0.0004,shareGPT,vicuna13,./data/scores_rb/shareGPT-vicuna-d7-topk10-t1,t1d7,64,1e-05,0.0001,0.02877,0.06,0.1,0.98,2025-07-29 00:18:28,4.0091906,1.8547258,2.700000047683716,5.300000190734863,44.20306,23.21756,26.946252822875977,60.967864990234375,3.9666839,2.240411,2.2600209712982178,5.545019626617432,47.381794,26.208176,25.819175720214844,71.38160705566406,-0.43172094,0.8095245,-0.7324284315109253,4.76837158203125e-07,0.93291235
10,128,128,1,7,100,0.07549,0.002477,0.0004,shareGPT,vicuna13,./data/scores_rb/shareGPT-vicuna-d7-topk10-t1,t1d7,64,5e-05,0.0001,0.002877,0.008,0.1,0.98,2025-07-29 00:25:13,4.037676,2.043516,2.4000000953674316,5.900000095367432,44.25302,23.709011,25.875995635986328,62.535335540771484,3.9889438,2.3021305,2.1662633419036865,5.727268695831299,47.381794,26.208176,25.819175720214844,71.38160705566406,-0.409461,0.786972,-0.6451492309570312,4.76837158203125e-07,0.93396676
10,128,128,1,7,100,0.07549,0.002477,0.0004,shareGPT,vicuna13,./data/scores_rb/shareGPT-vicuna-d7-topk10-t1,t1d7,64,1e-05,0.0001,0.02877,0.06,0.2,0.99,2025-07-29 00:45:04,4.2044253,1.9069431,2.9000000953674316,6.0,44.791462,23.671247,26.8242244720459,62.881500244140625,4.043549,2.2873852,2.273319959640503,5.745454788208008,47.381794,26.208176,25.819175720214844,71.38160705566406,-0.35485604,0.7494603,-0.5683536529541016,9.5367431640625e-07,0.9453306
10,128,128,1,7,100,0.07549,0.002477,0.0004,shareGPT,vicuna13,./data/scores_rb/shareGPT-vicuna-d7-topk10-t1,t1d7,64,5e-05,0.0001,0.002877,0.008,0.2,0.99,2025-07-29 01:05:37,4.1393275,2.0863113,2.5,6.200000286102295,44.50138,23.981161,25.717458724975586,63.536842346191406,4.028056,2.329609,2.1596896648406982,5.840762615203857,47.381794,26.208176,25.819175720214844,71.38160705566406,-0.37034842,0.7614098,-0.5645408630371094,4.76837158203125e-07,0.93920845
10,128,128,1,7,100,0.07549,0.002477,0.0004,shareGPT,vicuna13,./data/scores_rb/shareGPT-vicuna-d7-topk10-t1,t1d7,64,1e-05,0.0001,0.02877,0.06,0.2,0.98,2025-07-29 01:11:26,4.145968,1.9014875,2.799999952316284,5.900000095367432,44.582726,23.609125,26.82118034362793,62.263824462890625,4.021448,2.2764683,2.2632691860198975,5.679871559143066,47.381794,26.208176,25.819175720214844,71.38160705566406,-0.3769564,0.76806515,-0.6155564785003662,4.76837158203125e-07,0.94092524
10,128,128,1,7,100,0.07549,0.002477,0.0004,shareGPT,vicuna13,./data/scores_rb/shareGPT-vicuna-d7-topk10-t1,t1d7,64,1e-05,0.0001,0.02877,0.07,0.1,0.99,2025-07-29 01:36:55,4.198277,1.9523795,2.799999952316284,6.0,44.79794,23.755148,26.6544132232666,63.26556396484375,4.0473094,2.299155,2.2517173290252686,5.7729644775390625,47.381794,26.208176,25.819175720214844,71.38160705566406,-0.35109514,0.75182116,-0.5533242225646973,8.344650268554688e-07,0.94546735
10,128,128,1,7,100,0.07549,0.002477,0.0004,shareGPT,vicuna13,./data/scores_rb/shareGPT-vicuna-d7-topk10-t1,t1d7,64,5e-05,0.0001,0.002877,0.008,0.2,0.98,2025-07-29 01:45:41,3.8431716,2.024451,2.200000047683716,5.5,43.641052,23.41393,25.605487823486328,60.96175765991211,3.912445,2.269806,2.128117561340332,5.5556640625,47.381794,26.208176,25.819175720214844,71.38160705566406,-0.48595998,0.8535328,-0.7943758964538574,4.76837158203125e-07,0.9210511
10,128,128,1,7,100,0.07549,0.002477,0.0004,shareGPT,vicuna13,./data/scores_rb/shareGPT-vicuna-d7-topk10-t1,t1d7,64,1e-05,0.0001,0.02877,0.07,0.1,0.98,2025-07-29 02:02:14,3.8660674,1.9566823,2.299999952316284,5.300000190734863,43.76526,23.275648,26.154111862182617,60.651058197021484,3.917561,2.2523959,2.191105842590332,5.503171443939209,47.381794,26.208176,25.819175720214844,71.38160705566406,-0.48084348,0.8717708,-0.805060863494873,4.76837158203125e-07,0.9236725
10,128,128,1,7,100,0.07549,0.002477,0.0004,shareGPT,vicuna13,./data/scores_rb/shareGPT-vicuna-d7-topk10-t1,t1d7,64,5e-05,0.0001,0.002877,0.009,0.1,0.99,2025-07-29 02:25:28,4.0949144,2.1365414,2.299999952316284,6.200000286102295,44.347767,24.057266,25.391345977783203,63.3928337097168,4.0097785,2.3395283,2.130162477493286,5.841996669769287,47.381794,26.208176,25.819175720214844,71.38160705566406,-0.38862634,0.7890644,-0.5899460315704346,4.76837158203125e-07,0.9359664
10,128,128,1,7,100,0.07549,0.002477,0.0004,shareGPT,vicuna13,./data/scores_rb/shareGPT-vicuna-d7-topk10-t1,t1d7,64,1e-05,0.0001,0.02877,0.07,0.2,0.99,2025-07-29 02:27:38,4.1326723,1.9680463,2.700000047683716,6.0,44.580105,23.707163,26.51112937927246,62.7619743347168,4.0238404,2.2953079,2.2311675548553467,5.726827621459961,47.381794,26.208176,25.819175720214844,71.38160705566406,-0.37456453,0.77679944,-0.596491813659668,4.76837158203125e-07,0.9408699
10,128,128,1,7,100,0.07549,0.002477,0.0004,shareGPT,vicuna13,./data/scores_rb/shareGPT-vicuna-d7-topk10-t1,t1d7,64,1e-05,0.0001,0.02877,0.07,0.2,0.98,2025-07-29 02:53:26,3.93092,1.8967615,2.5,5.300000190734863,43.967316,23.19461,26.526700973510742,60.84816360473633,3.9394412,2.240793,2.2260591983795166,5.509176254272461,47.381794,26.208176,25.819175720214844,71.38160705566406,-0.4589637,0.84149903,-0.776665210723877,4.76837158203125e-07,0.9279369
10,128,128,1,7,100,0.07549,0.002477,0.0004,shareGPT,vicuna13,./data/scores_rb/shareGPT-vicuna-d7-topk10-t1,t1d7,64,5e-05,0.0001,0.002877,0.009,0.1,0.98,2025-07-29 03:05:12,4.039514,2.0965068,2.299999952316284,6.0,44.281338,23.906765,25.512968063354492,62.7619743347168,3.9931803,2.3205557,2.1418070793151855,5.766259670257568,47.381794,26.208176,25.819175720214844,71.38160705566406,-0.40522456,0.8008678,-0.6274147033691406,4.76837158203125e-07,0.9345644
10,128,128,1,7,100,0.07549,0.002477,0.0004,shareGPT,vicuna13,./data/scores_rb/shareGPT-vicuna-d7-topk10-t1,t1d7,64,1e-05,0.0001,0.02877,0.08,0.1,0.99,2025-07-29 03:19:32,4.1350546,2.000565,2.700000047683716,6.0,44.56501,23.774345,26.097604751586914,62.74247360229492,4.0249524,2.304234,2.2194502353668213,5.749124050140381,47.381794,26.208176,25.819175720214844,71.38160705566406,-0.3734525,0.78168523,-0.5887938737869263,4.76837158203125e-07,0.94055134
10,128,128,1,7,100,0.07549,0.002477,0.0004,shareGPT,vicuna13,./data/scores_rb/shareGPT-vicuna-d7-topk10-t1,t1d7,64,1e-05,0.0001,0.02877,0.08,0.1,0.98,2025-07-29 03:44:58,3.8311882,1.9182361,2.299999952316284,5.099999904632568,43.627125,23.098783,26.23749351501465,59.98575973510742,3.9016666,2.231562,2.1961865425109863,5.43733549118042,47.381794,26.208176,25.819175720214844,71.38160705566406,-0.49673802,0.8747072,-0.849937915802002,4.76837158203125e-07,0.9207571
10,128,128,1,7,100,0.07549,0.002477,0.0004,shareGPT,vicuna13,./data/scores_rb/shareGPT-vicuna-d7-topk10-t1,t1d7,64,5e-05,0.0001,0.002877,0.009,0.2,0.99,2025-07-29 03:46:24,4.122456,2.1155455,2.4000000953674316,6.200000286102295,44.444237,24.095987,25.55466079711914,63.788185119628906,4.023769,2.335319,2.1480484008789062,5.841714382171631,47.381794,26.208176,25.819175720214844,71.38160705566406,-0.37463576,0.77039284,-0.5749616622924805,4.76837158203125e-07,0.9380024
10,128,128,1,7,100,0.07549,0.002477,0.0004,shareGPT,vicuna13,./data/scores_rb/shareGPT-vicuna-d7-topk10-t1,t1d7,64,1e-05,0.0001,0.02877,0.08,0.2,0.99,2025-07-29 04:06:45,3.9212594,1.9563428,2.4000000953674316,5.400000095367432,43.9539,23.361387,26.086109161376953,61.107276916503906,3.9402006,2.25874,2.198413610458374,5.5451250076293945,47.381794,26.208176,25.819175720214844,71.38160705566406,-0.4582042,0.85121983,-0.7702839374542236,4.76837158203125e-07,0.9276538
10,128,128,1,7,100,0.07549,0.002477,0.0004,shareGPT,vicuna13,./data/scores_rb/shareGPT-vicuna-d7-topk10-t1,t1d7,64,5e-05,0.0001,0.002877,0.009,0.2,0.98,2025-07-29 04:26:00,3.580008,2.018136,2.0,5.099999904632568,42.66012,23.032068,25.0849666595459,59.060359954833984,3.79587,2.2287788,2.0554330348968506,5.290403842926025,47.381794,26.208176,25.819175720214844,71.38160705566406,-0.602535,0.9474312,-1.0050594806671143,0.0,0.9003483
10,128,128,1,7,100,0.07549,0.002477,0.0004,shareGPT,vicuna13,./data/scores_rb/shareGPT-vicuna-d7-topk10-t1,t1d7,64,1e-05,0.0001,0.02877,0.08,0.2,0.98,2025-07-29 04:27:04,3.811763,1.940203,2.299999952316284,5.099999904632568,43.57892,23.139782,26.029035568237305,59.99955368041992,3.8948827,2.2368648,2.175616979598999,5.428603649139404,47.381794,26.208176,25.819175720214844,71.38160705566406,-0.5035222,0.8831289,-0.8572964668273926,4.76837158203125e-07,0.9197397
10,128,128,1,7,100,0.07549,0.002477,0.0004,shareGPT,vicuna13,./data/scores_rb/shareGPT-vicuna-d7-topk10-t1,t1d7,64,1e-05,0.0001,0.02877,0.09,0.1,0.99,2025-07-29 04:46:45,3.7187726,1.9598317,2.1000001430511475,5.0,43.27752,23.069448,25.721426010131836,59.7275276184082,3.8576562,2.2274828,2.14349627494812,5.374491214752197,47.381794,26.208176,25.819175720214844,71.38160705566406,-0.54074883,0.9208504,-0.9212594032287598,4.76837158203125e-07,0.91337866
10,128,128,1,7,100,0.07549,0.002477,0.0004,shareGPT,vicuna13,./data/scores_rb/shareGPT-vicuna-d7-topk10-t1,t1d7,64,1e-05,0.0001,0.02877,0.09,0.1,0.98,2025-07-29 05:07:19,3.6371872,1.9235487,2.1000001430511475,5.0,42.928238,22.795063,25.721424102783203,58.51716232299805,3.815627,2.201639,2.1353769302368164,5.257976531982422,47.381794,26.208176,25.819175720214844,71.38160705566406,-0.58277744,0.944258,-0.996645450592041,3.5762786865234375e-07,0.906007
10,128,128,1,7,100,0.07549,0.002477,0.0004,shareGPT,vicuna13,./data/scores_rb/shareGPT-vicuna-d7-topk10-t1,t1d7,64,1e-05,0.0001,0.02877,0.09,0.2,0.99,2025-07-29 05:27:51,3.7101974,1.9518831,2.1000001430511475,5.0,43.283188,23.008652,25.721426010131836,59.43879318237305,3.8553226,2.2240002,2.149656057357788,5.365520477294922,47.381794,26.208176,25.819175720214844,71.38160705566406,-0.54308206,0.918964,-0.9280109405517578,4.76837158203125e-07,0.9134983
10,128,128,1,7,100,0.07549,0.002477,0.0004,shareGPT,vicuna13,./data/scores_rb/shareGPT-vicuna-d7-topk10-t1,t1d7,64,1e-05,0.0001,0.02877,0.09,0.2,0.98,2025-07-29 05:48:14,3.6566012,1.9124622,2.1000001430511475,5.0,43.034073,22.798094,25.873249053955078,58.70949935913086,3.8240304,2.1996107,2.1495285034179688,5.263139247894287,47.381794,26.208176,25.819175720214844,71.38160705566406,-0.5743746,0.93441963,-0.9890389442443848,4.76837158203125e-07,0.9082407
